x,y,coordIdx,temp_time,ts,time,id,posID,X_raw,Y_raw,NBS,VARX,VARY,COVXY,SD,tide_number,tidaltime,waterlevel,resTime,fpt,revisits
643948.406194172,5906751.69935038,1,2018-08-12T23:40:00Z,2018-08-12T23:41:04.446125Z,1534117260,413,3235.5,643948.406194172,5906751.69935038,4.25,137.076375,50.906925,76.323795,13.9302364507819,5,201.074102083842,-17,0.102155979474386,0.102155979474386,1
643746.590249791,5906855.70085251,2,2018-08-12T23:40:00Z,2018-08-12T23:41:32.278Z,1534117290,413,3244,643746.590249791,5906855.70085251,6.77777777777778,4.3502,3.38946333333333,2.78610111111111,3.62382421387085,5,201.537966668606,-17,0.167050234476725,0.167050234476725,1
643729.649170803,5907244.83914024,3,2018-08-12T23:40:00Z,2018-08-12T23:42:02.610111Z,1534117320,413,3253.88888888889,643729.649170803,5907244.83914024,6.55555555555556,12.7240533333333,9.29826777777778,9.85076555555556,6.02734524748695,5,202.043501849969,-17,0.156164467334747,0.156164467334747,1
643874.709887102,5907480.75213268,4,2018-08-12T23:40:00Z,2018-08-12T23:42:32.942111Z,1534117350,413,3264,643874.709887102,5907480.75213268,4.66666666666667,29.5003511111111,38.9199744444444,31.1499266666667,10.9762178499067,5,202.549035183589,-17,0.235774207115173,0.235774207115173,1
643840.26409581,5907331.13138823,5,2018-08-12T23:40:00Z,2018-08-12T23:42:59.565750Z,1534117380,413,3272.5,643840.26409581,5907331.13138823,4.25,94.61605625,62.2092775,59.84684625,14.4202762610123,5,202.992762498061,-17,0.804058726628622,0.804058726628622,1
643909.537488195,5906950.8494749,6,2018-08-12T23:50:00Z,2018-08-12T23:48:05.498857Z,1534117680,413,3280,643909.537488195,5906950.8494749,5.42857142857143,6.09181857142857,11.6472185714286,7.25978428571429,5.6138031024696,5,208.091647617022,-23,0.768268291155497,0.768268291155497,1
644035.707315123,5906798.94688787,7,2018-08-12T23:50:00Z,2018-08-12T23:48:31.259667Z,1534117710,413,3288,644035.707315123,5906798.94688787,6,4.98472333333333,9.16973444444444,5.45796555555556,4.99565117370421,5,208.520994448662,-23,0.222000130017598,0.222000130017598,1
644060.587885225,5906578.44923822,8,2018-08-12T23:50:00Z,2018-08-12T23:49:01.425200Z,1534117740,413,3297.5,644060.587885225,5906578.44923822,5.7,10.731931,13.30954,9.694759,6.05202621928514,5,209.023753333092,-23,0.232098793983459,0.232098793983459,1
643976.793767652,5906385.44837604,9,2018-08-12T23:50:00Z,2018-08-12T23:49:31.423800Z,1534117770,413,3307.5,643976.793767652,5906385.44837604,6.1,6.604504,4.969284,4.392478,4.34171050259913,5,209.52372999986,-23,0.232872247695923,0.232872247695923,1
643813.804082344,5906238.91743895,10,2018-08-12T23:50:00Z,2018-08-12T23:50:01.422500Z,1534117800,413,3317.5,643813.804082344,5906238.91743895,6.7,3.987927,3.569116,2.329595,3.44378524793477,5,210.023708331585,-23,0.203658572832743,0.203658572832743,1
643555.56761898,5906133.27091588,11,2018-08-12T23:50:00Z,2018-08-12T23:50:31.421300Z,1534117830,413,3327.5,643555.56761898,5906133.27091588,7,3.451873,2.957637,2.170374,3.25810583256638,5,210.52368833224,-23,0.198017191886902,0.198017191886902,1
643331.817692443,5906077.57826618,12,2018-08-12T23:50:00Z,2018-08-12T23:51:01.419900Z,1534117860,413,3337.5,643331.817692443,5906077.57826618,8.2,2.8195126,2.5002252,1.7764516,2.88122136527754,5,211.023664999008,-23,0.222575652599335,0.222575652599335,1
643139.113606883,5906181.59991684,13,2018-08-12T23:50:00Z,2018-08-12T23:51:31.418600Z,1534117890,413,3347.5,643139.113606883,5906181.59991684,11,0.7626777,0.749455,0.401683,1.51849915075995,5,211.523643334707,-23,0.205924272537231,0.205924272537231,1
643019.322612254,5906292.80477707,14,2018-08-12T23:50:00Z,2018-08-12T23:51:49.418Z,1534117920,413,3353.5,643019.322612254,5906292.80477707,10,1.267242,1.56399,0.517294,1.95216022515189,5,211.823633333047,-23,38.8663711190224,19.8162916223208,2
642971.177947655,5906349.93766965,15,2018-08-13T00:20:00Z,2018-08-13T00:21:17.839Z,1534119690,413,3356,642971.177947655,5906349.93766965,3,94.3237,16.8442,-25.9826,7.69432908056316,5,241.297316666444,-43,27.5689841151238,27.5689841151238,1
643017.900185096,5906323.79562348,16,2018-08-13T00:30:00Z,2018-08-13T00:29:41.816Z,1534120170,413,3357,643017.900185096,5906323.79562348,3,117.454,45.6331,-43.9896,8.66648140827637,5,249.696933333079,-49,53.783202222983,28.0163525064786,3
643074.513037011,5906321.94135627,17,2018-08-13T00:50:00Z,2018-08-13T00:49:59.760Z,1534121400,413,3358,643074.513037011,5906321.94135627,3,117.2,37.5619,-41.7522,8.4414157580349,5,269.995999999841,-61,29.8898756305377,29.8898756305377,1
643067.448197857,5906317.17219771,18,2018-08-13T00:50:00Z,2018-08-13T00:50:38.758500Z,1534121430,413,3359.5,643067.448197857,5906317.17219771,3,111.6183,32.5176,-36.0954,8.47874034326598,5,270.645975001653,-61,31.8795702775319,31.8795702775319,1
643126.697385311,5906268.93644499,19,2018-08-13T01:10:00Z,2018-08-13T01:07:20.712Z,1534122450,413,3361,643126.697385311,5906268.93644499,3,132.927,58.3276,-14.3567,12.7491646785191,5,287.34519999822,-73,23.8212855935097,15.8655386130015,2
643173.173968436,5906225.22541638,20,2018-08-13T01:10:00Z,2018-08-13T01:13:38.695Z,1534122810,413,3362,643173.173968436,5906225.22541638,3,87.8283,117.41,1.21446,14.4106634129037,5,293.644916665554,-73,29.7707315246264,29.7707315246264,1
643144.964168798,5906243.32679196,21,2018-08-13T01:10:00Z,2018-08-13T01:14:11.693Z,1534122840,413,3363,643144.964168798,5906243.32679196,3,135.733,197.323,7.28355,18.6446533891086,5,294.194883334637,-73,26.4758471608162,26.4758471608162,1
643154.706785156,5906242.96756558,22,2018-08-13T01:20:00Z,2018-08-13T01:15:23.690Z,1534122930,413,3364,643154.706785156,5906242.96756558,3,115.058,87.7947,19.3204,15.5400611324409,5,295.394833334287,-80,27.0723787784576,27.0723787784576,1
643147.04536149,5906243.7374112,23,2018-08-13T01:20:00Z,2018-08-13T01:16:26.687Z,1534122990,413,3365,643147.04536149,5906243.7374112,3,129.703,74.2741,-6.5979,13.8123604065344,5,296.444783333937,-80,26.6383275270462,26.6383275270462,1
643147.776967714,5906244.42589233,24,2018-08-13T01:20:00Z,2018-08-13T01:17:07.185Z,1534123020,413,3366.5,643147.776967714,5906244.42589233,3,130.5805,68.3305,-18.997,12.683307588428,5,297.119749999046,-80,26.6975675821304,26.6975675821304,1
643202.415524657,5906207.84049915,25,2018-08-13T01:30:00Z,2018-08-13T01:34:14.638Z,1534124040,413,3368,643202.415524657,5906207.84049915,3,128.475,75.8549,-5.24754,13.9224573980314,5,314.243966666857,-88,51.2641023119291,1.86607966820399,2
643236.875347524,5906192.88867681,26,2018-08-13T01:40:00Z,2018-08-13T01:44:08.611Z,1534124640,413,3369,643236.875347524,5906192.88867681,3,120.297,76.3719,-4.47174,13.7012926397475,5,324.143516667684,-95,89.9989891529083,89.9989891529083,1
643253.072711242,5906196.20970202,27,2018-08-13T02:10:00Z,2018-08-13T02:14:38.527Z,1534126470,413,3370,643253.072711242,5906196.20970202,3,106.027,87.3169,0.67068,13.952965992935,5,354.64211666584,-115,92.8324931740761,92.8324931740761,1
643256.533278074,5906192.80067961,28,2018-08-13T02:30:00Z,2018-08-13T02:26:03.995500Z,1534127160,413,3371.5,643256.533278074,5906192.80067961,3,76.15835,47.92955,11.51215,12.1271044791279,5,366.066591668129,-120,92.2076585650444,92.2076585650444,1
643253.577005341,5906189.9818434,29,2018-08-13T02:30:00Z,2018-08-13T02:26:21.994750Z,1534127190,413,3374.5,643253.577005341,5906189.9818434,3,128.9129,94.2498,13.6830325,15.7748414892328,5,366.366579167048,-120,92.7460326313972,92.7460326313972,1
643252.114239917,5906181.63791416,30,2018-08-13T02:30:00Z,2018-08-13T02:26:59.493Z,1534127220,413,3377.5,643252.114239917,5906181.63791416,3,122.254,75.01035,-11.83115,13.1501326571021,5,366.991550000509,-120,92.2489146709442,92.2489146709442,1
643259.650503793,5906191.2801276,31,2018-08-13T02:30:00Z,2018-08-13T02:27:23.492Z,1534127250,413,3379,643259.650503793,5906191.2801276,3,138.247,82.7162,-19.9058,13.4592570374445,5,367.39153333505,-120,91.3223404010137,91.3223404010137,1
643249.706934072,5906178.41704102,32,2018-08-13T02:40:00Z,2018-08-13T02:37:41.463Z,1534127850,413,3380,643249.706934072,5906178.41704102,3,69.1523,41.5151,-7.78985,9.7512922220596,5,377.691050000986,-118,92.3636334021886,92.3636334021886,1
643234.918417488,5906160.11919622,33,2018-08-13T02:40:00Z,2018-08-13T02:38:23.462Z,1534127910,413,3381,643234.918417488,5906160.11919622,3,53.9213,55.289,17.9137,12.0431598843493,5,378.391033331553,-118,91.3455412348111,91.3455412348111,1
643282.028168092,5906154.85865968,34,2018-08-13T03:10:00Z,2018-08-13T03:08:03.879750Z,1534129680,413,3383.5,643282.028168092,5906154.85865968,3,109.8108,101.54255,-4.145245,14.0383942146978,5,408.064662500223,-94,52.5820725599925,52.5820725599925,1
646413.768541264,5904634.37165483,35,2018-08-13T03:30:00Z,2018-08-13T03:29:38.321Z,1534130970,413,3386,646413.768541264,5904634.37165483,3,7074.85,9500.09,-7947.17,26.0883115590105,5,429.638683334986,-68,0.504512910048167,0.504512910048167,1
646254.399082601,5904819.13776298,36,2018-08-13T03:30:00Z,2018-08-13T03:30:35.318Z,1534131030,413,3387,646254.399082601,5904819.13776298,3,6085.18,7908.47,-6892.05,14.4758419444259,5,430.588633334637,-68,0.632715360323588,0.632715360323588,1
646320.50000509,5904736.81487565,37,2018-08-13T03:30:00Z,2018-08-13T03:31:30.816Z,1534131090,413,3388.5,646320.50000509,5904736.81487565,3,5762.72,7752.515,-6618.25,16.6490551436733,5,431.513599999746,-68,1.88077563047409,1.88077563047409,1
646225.025298396,5904878.28932675,38,2018-08-13T03:40:00Z,2018-08-13T03:36:26.302Z,1534131390,413,3390,646225.025298396,5904878.28932675,3,4879.16,6159.65,-5402.36,15.3,5,436.43836666743,-54,3.14692053794861,2.68841973543167,2
646336.47616615,5904806.72380813,39,2018-08-13T03:40:00Z,2018-08-13T03:39:44.293Z,1534131570,413,3391,646336.47616615,5904806.72380813,3,7840.97,10674.1,-8956.33,24.5440420469001,5,439.738216666381,-54,1.82398453553518,1.31043078104655,2
646213.214099625,5904899.8472708,40,2018-08-13T03:40:00Z,2018-08-13T03:39:56.293Z,1534131600,413,3392,646213.214099625,5904899.8472708,3,14213.7,17994,-15525.1,34.022051672408,5,439.938216666381,-54,1.79147300322851,1.40792729457219,3
646386.427795364,5904735.52568843,41,2018-08-13T03:40:00Z,2018-08-13T03:41:08.290Z,1534131660,413,3394,646386.427795364,5904735.52568843,3,4126.83,5712.99,-4813.89,14.5615933194139,5,441.138166666031,-54,6.44561192591985,5.00330988963445,4
646377.976856852,5904745.94008456,42,2018-08-13T03:40:00Z,2018-08-13T03:41:33.788500Z,1534131690,413,3395.5,646377.976856852,5904745.94008456,3.5,2815.21655,3968.31195,-3274.42425,14.6801562084315,5,441.563141667843,-54,6.83989959557851,5.34689486424128,4
646369.63583188,5904752.20704892,43,2018-08-13T03:50:00Z,2018-08-13T03:45:20.278Z,1534131930,413,3397,646369.63583188,5904752.20704892,3,9106.22,12039,-10384.8,19.3809184508888,5,445.337966668606,-41,6.44778269131978,5.5985249042511,3
646270.149539023,5904933.27434045,44,2018-08-13T03:50:00Z,2018-08-13T03:49:35.267Z,1534132170,413,3398,646270.149539023,5904933.27434045,3,10752.9,14879.7,-12433,27.6875423250241,5,449.587783332666,-41,1.32814255555471,1.1247997601827,2
646400.845675554,5904739.55064115,45,2018-08-13T03:50:00Z,2018-08-13T03:50:02.266Z,1534132200,413,3400,646400.845675554,5904739.55064115,3,5867.39,7948.98,-6695.14,20.641947582532,5,450.037766667207,-41,6.26408360401789,4.79761706988017,4
646249.285877683,5904930.25866206,46,2018-08-13T03:50:00Z,2018-08-13T03:50:38.264Z,1534132230,413,3401,646249.285877683,5904930.25866206,3,10691.4,14581.7,-12224.1,28.7210724033765,5,450.637733332316,-41,1.19551386833191,0.152457058429718,3
646405.228950907,5904711.31382551,47,2018-08-13T03:50:00Z,2018-08-13T03:50:56.263Z,1534132260,413,3405,646405.228950907,5904711.31382551,3,9647.41,14247.5,-11492.2,30.1746582416437,5,450.937716666857,-41,4.02755261659622,2.73580605189006,4
646322.179493328,5904815.03776844,48,2018-08-13T03:50:00Z,2018-08-13T03:51:38.262Z,1534132290,413,3406,646322.179493328,5904815.03776844,3,4261.85,5590.91,-4764.74,17.9799888765261,5,451.637700001399,-41,2.13522700866063,1.74313932259878,2
646391.381464041,5904761.63187324,49,2018-08-13T03:50:00Z,2018-08-13T03:51:51.761Z,1534132320,413,3407.5,646391.381464041,5904761.63187324,3,2772.59,4059.915,-3301.605,14.5720882467063,5,451.862683331966,-41,6.28774820963542,5.35811992486318,3
646431.778697079,5904708.99539572,50,2018-08-13T03:50:00Z,2018-08-13T03:52:30.009500Z,1534132350,413,3410.5,646431.778697079,5904708.99539572,3,3000.135,4228.345,-3528.385,12.8422175924088,5,452.500158333778,-41,1.21965097983678,0.0289327541987101,3
646903.205728282,5904484.31781814,51,2018-08-13T04:00:00Z,2018-08-13T03:58:03.744Z,1534132680,413,3413.5,646903.205728282,5904484.31781814,3,839.3185,1580.995,-1144.3815,11.3083347083338,5,458.062399999301,-29,6.33153812090556,0.953126239776611,6
646859.89961433,5904551.87360123,52,2018-08-13T04:00:00Z,2018-08-13T03:58:44.243Z,1534132710,413,3415,646859.89961433,5904551.87360123,3,820.1,1166.34,-884.017,14.7785655596205,5,458.737383333842,-29,5.98784295320511,2.68333089351654,4
646866.568440103,5904529.11174252,53,2018-08-13T04:00:00Z,2018-08-13T03:59:28.383429Z,1534132770,413,3419,646866.568440103,5904529.11174252,3.28571428571429,1101.12814285714,2146.27571428571,-1506.91842857143,13.9842665985507,5,459.473057150841,-29,8.15883279641469,5.7092550555865,2
646849.340005803,5904558.04436018,54,2018-08-13T04:00:00Z,2018-08-13T04:00:08.239Z,1534132800,413,3423,646849.340005803,5904558.04436018,3,832.142,1574.74,-1114.67,13.324488733156,5,460.137316668034,-29,4.09376500447591,2.46055954694748,5
646859.863721668,5904542.81977161,55,2018-08-13T04:00:00Z,2018-08-13T04:00:30.237667Z,1534132830,413,3427.66666666667,646859.863721668,5904542.81977161,3,2278.36666666667,4531.08333333333,-3185.57,20.3706520809826,5,460.503961118062,-29,6.80684659481049,2.90573391517003,4
646886.730477452,5904507.6296914,56,2018-08-13T04:00:00Z,2018-08-13T04:01:01.236333Z,1534132860,413,3432.5,646886.730477452,5904507.6296914,3,1424.60733333333,2574.91833333333,-1840.80733333333,17.1229547105099,5,461.020605548223,-29,9.27101307710012,1.43692277669907,4
646902.001071964,5904494.30879689,57,2018-08-13T04:00:00Z,2018-08-13T04:01:30.435Z,1534132890,413,3438,646902.001071964,5904494.30879689,3,1940.796,3699.034,-2606.636,20.5750760676465,5,461.507249999046,-29,6.94974250396093,1.07734192609787,5
646872.584938272,5904552.70196192,58,2018-08-13T04:00:00Z,2018-08-13T04:02:12.733Z,1534132920,413,3441.5,646872.584938272,5904552.70196192,3,3023.555,5748.1,-4087.175,24.3987362686307,5,462.212216667334,-29,6.74938239653905,2.8219072898229,4
646888.22388602,5904511.14146575,59,2018-08-13T04:00:00Z,2018-08-13T04:02:28.732500Z,1534132950,413,3445.5,646888.22388602,5904511.14146575,3,1892.26533333333,4015.7965,-2702.668,20.8284670720949,5,462.478875001272,-29,9.40173900524775,2.62095255454381,2
646887.855682462,5904524.16306192,60,2018-08-13T04:00:00Z,2018-08-13T04:02:54.231Z,1534132980,413,3450,646887.855682462,5904524.16306192,3,1333.08566666667,2304.19833333333,-1662.874,16.7121289171328,5,462.90384999911,-29,9.41424705982208,2.80919122695923,3
646867.717235713,5904553.89937903,61,2018-08-13T04:00:00Z,2018-08-13T04:03:26.229667Z,1534133010,413,3453,646867.717235713,5904553.89937903,3,2074.17666666667,4051.41666666667,-2869.43333333333,19.2551919082571,5,463.437161115805,-29,6.34797999064128,2.71967099110285,4
646924.386787098,5904479.0275858,62,2018-08-13T04:00:00Z,2018-08-13T04:04:00.228Z,1534133040,413,3456.66666666667,646924.386787098,5904479.0275858,3,1293.26666666667,2356.74666666667,-1673.81666666667,17.3122811258546,5,464.00379999876,-29,3.82957010269165,0.570299744606018,6
646915.147845933,5904488.04944418,63,2018-08-13T04:00:00Z,2018-08-13T04:04:29.226750Z,1534133070,413,3460.5,646915.147845933,5904488.04944418,3,1448.2615,2853.50825,-2004.96075,16.4310848573588,5,464.487112498283,-29,5.89445955355962,0.807421310742696,6
646886.400526333,5904531.92839714,64,2018-08-13T04:00:00Z,2018-08-13T04:04:59.225400Z,1534133100,413,3465,646886.400526333,5904531.92839714,3,1644.708,3033.738,-2157.356,18.7742250405151,5,464.987089999517,-29,8.44421494801839,5.84585208098094,2
646889.495735812,5904514.04534091,65,2018-08-13T04:10:00Z,2018-08-13T04:05:24.724500Z,1534133130,413,3468.5,646889.495735812,5904514.04534091,3,1665.52,3208.49,-2234.265,20.0818554053973,5,465.412074999015,-19,9.44001846710841,2.63308646678925,2
646903.450793884,5904500.74821983,66,2018-08-13T04:10:00Z,2018-08-13T04:05:57.722500Z,1534133160,413,3470.5,646903.450793884,5904500.74821983,3,1091.4255,2128.84,-1475.53,16.3630402012732,5,465.962041668097,-19,7.3918878475825,1.10999492009481,5
646886.346358133,5904531.43784813,67,2018-08-13T04:10:00Z,2018-08-13T04:06:28.471500Z,1534133190,413,3473.5,646886.346358133,5904531.43784813,3,1603.06775,3358.565,-2279.5325,19.8042368153873,5,466.474524998665,-19,8.45450225273768,5.8519139846166,2
646901.369596696,5904514.68673261,68,2018-08-13T04:10:00Z,2018-08-13T04:07:02.719667Z,1534133220,413,3478.5,646901.369596696,5904514.68673261,3,1360.71383333333,2725.06016666667,-1887.84183333333,16.8174162647074,5,467.045327782631,-19,8.65902489423752,1.23259067138036,4
647099.715510269,5904398.53835971,69,2018-08-13T04:10:00Z,2018-08-13T04:07:34.218333Z,1534133250,413,3483,647099.715510269,5904398.53835971,3,1472.78666666667,3282.92666666667,-2125.92666666667,22.3403144900027,5,467.570305550098,-19,0.188008213043213,0.188008213043213,1
647345.68240279,5904250.48464635,70,2018-08-13T04:10:00Z,2018-08-13T04:07:59.645857Z,1534133280,413,3488,647345.68240279,5904250.48464635,3,597.782728571429,1442.18657142857,-864.331714285714,16.4601808290214,5,467.994097618262,-19,0.429093384742737,0.429093384742737,1
647411.979051188,5904223.16923681,71,2018-08-13T04:10:00Z,2018-08-13T04:08:30.216Z,1534133310,413,3493,647411.979051188,5904223.16923681,3,245.879066666667,648.607333333333,-375.209,11.0521903069521,5,468.503600001335,-19,11.8260852297147,6.79308982292811,2
647404.960201189,5904227.51589145,72,2018-08-13T04:10:00Z,2018-08-13T04:09:01.014400Z,1534133340,413,3497,647404.960201189,5904227.51589145,3,283.73246,788.031,-458.5164,11.8235945845951,5,469.016906666756,-19,11.7068951447805,6.79215367635091,2
647416.511251995,5904208.02480323,73,2018-08-13T04:10:00Z,2018-08-13T04:09:32.213Z,1534133370,413,3504,647416.511251995,5904208.02480323,3,307.176388888889,828.623022222222,-467.916455555556,12.8963269073742,5,469.536883334319,-19,11.9378740469615,11.9378740469615,1
647418.42293221,5904202.70463713,74,2018-08-13T04:10:00Z,2018-08-13T04:10:01.545Z,1534133400,413,3513,647418.42293221,5904202.70463713,3,401.02,1098.64266666667,-633.664555555556,14.9277907067321,5,470.025750001272,-19,11.9084963798523,11.9084963798523,1
647409.554143404,5904215.40468008,75,2018-08-13T04:10:00Z,2018-08-13T04:10:30.710400Z,1534133430,413,3522.5,647409.554143404,5904215.40468008,3,447.92867,1308.5037,-742.76427,15.9659690424088,5,470.511840001742,-19,11.9187762538592,6.82252404689789,2
647408.668473656,5904213.74997343,76,2018-08-13T04:10:00Z,2018-08-13T04:11:00.709Z,1534133460,413,3532.5,647408.668473656,5904213.74997343,3,454.38706,1323.6689,-746.71618,16.4270189585659,5,471.01181666851,-19,11.9312961181005,6.82726288239161,2
647410.786999492,5904217.36909679,77,2018-08-13T04:10:00Z,2018-08-13T04:11:28.082750Z,1534133490,413,3541.5,647410.786999492,5904217.36909679,3,442.05825,1292.19025,-734.27125,16.2390615494463,5,471.4680458347,-19,11.9031614581744,6.81542654037476,2
647405.12381601,5904222.87237156,78,2018-08-13T04:10:00Z,2018-08-13T04:12:00.706250Z,1534133520,413,3549.5,647405.12381601,5904222.87237156,3.25,364.3021125,1076.419625,-598.801125,14.4222338140481,5,472.011770832539,-19,11.7776805003484,6.8078842997551,2
647417.452449584,5904204.78652806,79,2018-08-13T04:10:00Z,2018-08-13T04:12:32.204857Z,1534133550,413,3557,647417.452449584,5904204.78652806,3.14285714285714,392.975985714286,1130.95,-653.434457142857,13.6647997293124,5,472.536747618516,-19,11.9211630384127,11.9211630384127,1
647416.159410118,5904206.06551179,80,2018-08-13T04:10:00Z,2018-08-13T04:12:58.453625Z,1534133580,413,3564.5,647416.159410118,5904206.06551179,3.125,425.662625,1176.4545,-664.272625,16.0629779416049,5,472.974227082729,-19,11.9305938879649,11.9305938879649,1
647426.048967675,5904196.31817551,81,2018-08-13T04:10:00Z,2018-08-13T04:13:32.202Z,1534133610,413,3572,647426.048967675,5904196.31817551,3.14285714285714,314.953385714286,924.579285714286,-522.546928571429,13.2894032230065,5,473.536699998379,-19,11.8538907210032,11.8538907210032,1
647424.030216926,5904202.21335625,82,2018-08-13T04:10:00Z,2018-08-13T04:14:01.867333Z,1534133640,413,3580,647424.030216926,5904202.21335625,3.11111111111111,291.732333333333,782.062888888889,-427.363522222222,13.6641403221321,5,474.031122215589,-19,11.8906241138776,11.8906241138776,1
647412.94571315,5904231.26678069,83,2018-08-13T04:10:00Z,2018-08-13T04:14:30.199333Z,1534133670,413,3586,647412.94571315,5904231.26678069,3,226.157333333333,646.625666666667,-369.241333333333,11.4796733890085,5,474.503322215875,-19,11.6919295628866,6.75290012756983,2
647441.706022999,5904172.89548399,84,2018-08-13T04:20:00Z,2018-08-13T04:15:00.398200Z,1534133700,413,3590,647441.706022999,5904172.89548399,3.4,376.9014,1095.6952,-630.256,14.110477387301,5,475.006636667252,-10,7.63028204441071,1.02723654905955,4
647418.379391901,5904209.20871367,85,2018-08-13T04:20:00Z,2018-08-13T04:15:31.768143Z,1534133730,413,3596,647418.379391901,5904209.20871367,3.28571428571429,286.198742857143,778.774,-451.586285714286,11.7790560365157,5,475.529469048977,-10,11.9368632396062,11.9368632396062,1
647425.176415354,5904199.96019754,86,2018-08-13T04:20:00Z,2018-08-13T04:16:00.528778Z,1534133760,413,3604,647425.176415354,5904199.96019754,3,449.957444444445,1314.38233333333,-722.718,17.090917910968,5,476.008812967936,-10,11.8762584249179,11.8762584249179,1
647414.463272442,5904211.01563374,87,2018-08-13T04:20:00Z,2018-08-13T04:16:30.908429Z,1534133790,413,3612.14285714286,647414.463272442,5904211.01563374,3.14285714285714,455.422928571429,1304.83828571429,-747.978728571429,15.6327953279611,5,476.51514048179,-10,11.9553656299909,11.9553656299909,1
647412.613365936,5904220.48528332,88,2018-08-13T04:20:00Z,2018-08-13T04:17:02.192500Z,1534133820,413,3620.5,647412.613365936,5904220.48528332,3.125,388.452575,1269.7025,-666.749675,16.0342360875957,5,477.036541668574,-10,11.8719301700592,6.8016348640124,2
647401.122926772,5904224.44236486,89,2018-08-13T04:20:00Z,2018-08-13T04:17:28.691333Z,1534133850,413,3627.5,647401.122926772,5904224.44236486,3,461.4325,1545.24266666667,-750.657,20.8439188439041,5,477.478188884258,-10,11.718289077282,6.8081951379776,2
647421.342950895,5904186.97252397,90,2018-08-13T04:20:00Z,2018-08-13T04:17:58.690Z,1534133880,413,3633.5,647421.342950895,5904186.97252397,3.33333333333333,1686.28433333333,772.86005,-803.650566666667,21.5320228308691,5,477.97816666762,-10,11.7973312695821,11.7973312695821,1
647426.835479065,5904189.78523536,91,2018-08-13T04:20:00Z,2018-08-13T04:18:27.902857Z,1534133910,413,3640,647426.835479065,5904189.78523536,3,371.92,1022.17442857143,-591.553142857143,14.1089893971587,5,478.465047617753,-10,11.8090956250827,11.8090956250827,1
647414.903004994,5904200.79908001,92,2018-08-13T04:20:00Z,2018-08-13T04:19:01.853778Z,1534133940,413,3648,647414.903004994,5904200.79908001,3,481.904555555556,1392.304,-802.750555555556,16.1847630478166,5,479.030896298091,-10,11.9076023300489,11.9076023300489,1
647413.367310214,5904204.82724018,93,2018-08-13T04:20:00Z,2018-08-13T04:19:28.810750Z,1534133970,413,3656.5,647413.367310214,5904204.82724018,3,471.830675,1323.342375,-746.5846875,16.3432329737064,5,479.480179166794,-10,11.9325790683428,11.9325790683428,1
647416.896018296,5904199.35212573,94,2018-08-13T04:20:00Z,2018-08-13T04:20:01.434375Z,1534134000,413,3664.5,647416.896018296,5904199.35212573,3,414.3645625,1150.048125,-661.4198875,14.7118179973067,5,480.023906250795,-10,11.8944271882375,11.8944271882375,1
647606.671253221,5904210.84087065,95,2018-08-13T04:20:00Z,2018-08-13T04:20:34.683Z,1534134030,413,3671.5,647606.671253221,5904210.84087065,3.16666666666667,310.820033333333,1001.24383333333,-538.418083333333,14.3926294059971,5,480.578050001462,-10,0.228452801704407,0.228452801704407,1
647870.484898038,5904155.92063698,96,2018-08-13T04:20:00Z,2018-08-13T04:21:01.431500Z,1534134060,413,3676.5,647870.484898038,5904155.92063698,3,407.5015,1189.07675,-607.3195,19.3853123638496,5,481.023858332634,-10,0.154780852794647,0.154780852794647,1
648110.257961995,5904146.65336112,97,2018-08-13T04:20:00Z,2018-08-13T04:21:22.181Z,1534134090,413,3680,648110.257961995,5904146.65336112,3,307.158,995.688333333333,-461.825333333333,19.4489547787315,5,481.369683333238,-10,0.176337631543477,0.176337631543477,1
648371.608484871,5903987.59432927,98,2018-08-13T04:20:00Z,2018-08-13T04:22:00.464714Z,1534134120,413,3685,648371.608484871,5903987.59432927,3,43.5642285714286,26.3235571428571,-18.64534,5.52186596555782,5,482.007745234172,-10,2.53157009681066,2.53157009681066,1
648380.912020687,5903983.93030469,99,2018-08-13T04:20:00Z,2018-08-13T04:22:27.677875Z,1534134150,413,3692.5,648380.912020687,5903983.93030469,3,587.291375,75.8512875,-156.99465,14.2386159186639,5,482.461297917366,-10,2.56109532117844,2.56109532117844,1
648374.725631544,5903982.80975199,100,2018-08-13T04:20:00Z,2018-08-13T04:23:04.747571Z,1534134180,413,3700,648374.725631544,5903982.80975199,3.14285714285714,80.6354714285715,73.9528285714286,-46.5660957142857,7.52504155016952,5,483.079126183192,-10,2.55604527393977,2.55604527393977,1
648380.905030342,5903978.63023866,101,2018-08-13T04:20:00Z,2018-08-13T04:23:27.889429Z,1534134210,413,3707,648380.905030342,5903978.63023866,3.14285714285714,90.1096571428572,165.176214285714,-87.7389285714286,8.81741155344195,5,483.464823818207,-10,2.5643982052803,2.5643982052803,1
648379.702162768,5903980.15555701,102,2018-08-13T04:20:00Z,2018-08-13T04:24:00.673600Z,1534134240,413,3715.5,648379.702162768,5903980.15555701,3.1,73.28704,59.981,-38.7251,7.40144108037511,5,484.011226665974,-10,2.56247953971227,2.56247953971227,1
648414.527570195,5903957.50740948,103,2018-08-13T04:20:00Z,2018-08-13T04:24:27.672500Z,1534134270,413,3723.5,648414.527570195,5903957.50740948,3,96.5597333333333,68.2634333333333,-45.6658333333333,8.22150294567233,5,484.461208331585,-10,2.49792305231094,2.49792305231094,1
648580.284034364,5903901.83188935,104,2018-08-13T04:30:00Z,2018-08-13T04:25:00.670800Z,1534134300,413,3731.5,648580.284034364,5903901.83188935,3.2,79.02521,14.711969,-17.824089,7.3395938632594,5,485.01117999951,-3,8.0934058825175,8.0934058825175,1
648583.716621452,5903904.43475942,105,2018-08-13T04:30:00Z,2018-08-13T04:25:30.669500Z,1534134330,413,3741.5,648583.716621452,5903904.43475942,3.2,94.16474,19.02146,-22.193055,7.72482567458666,5,485.511158335209,-3,8.08726607561112,8.08726607561112,1
648591.129534185,5903904.52349373,106,2018-08-13T04:30:00Z,2018-08-13T04:26:00.668300Z,1534134360,413,3751.5,648591.129534185,5903904.52349373,3.4,219.372078,18.437578,-40.454026,7.79386025635684,5,486.01113833189,-3,8.07244513432185,8.07244513432185,1
648585.080983597,5903904.99252104,107,2018-08-13T04:30:00Z,2018-08-13T04:26:30.666700Z,1534134390,413,3761.5,648585.080983597,5903904.99252104,3.3,223.198788,21.62165,-44.509315,9.17620702197213,5,486.511111664772,-3,8.08454474210739,8.08454474210739,1
648590.23907392,5903902.77234638,108,2018-08-13T04:30:00Z,2018-08-13T04:26:59.498778Z,1534134420,413,3771,648590.23907392,5903902.77234638,3.55555555555556,23.5749933333333,11.9002055555556,-8.17956111111111,4.20533554957961,5,486.991646301746,-3,8.07472563187281,8.07472563187281,1
648579.697382489,5903907.32812221,109,2018-08-13T04:30:00Z,2018-08-13T04:27:30.664100Z,1534134450,413,3780.5,648579.697382489,5903907.32812221,3.5,258.595579,33.627569,-58.81288,9.83661550003454,5,487.511068332195,-3,8.09011931022008,8.09011931022008,1
648578.167140969,5903907.1342083,110,2018-08-13T04:30:00Z,2018-08-13T04:28:00.662600Z,1534134480,413,3790.5,648578.167140969,5903907.1342083,3.4,359.20213,20.98426,-71.117198,13.2214006304101,5,488.011043334007,-3,8.08467286427816,8.08467286427816,1
648597.889661639,5903903.45916767,111,2018-08-13T04:30:00Z,2018-08-13T04:28:30.661400Z,1534134510,413,3800.5,648597.889661639,5903903.45916767,3.8,139.37034,12.739943,-28.029576,7.60618265975413,5,488.511023334662,-3,8.05849979718526,8.05849979718526,1
648591.475719258,5903902.27169694,112,2018-08-13T04:30:00Z,2018-08-13T04:29:00.659900Z,1534134540,413,3810.5,648591.475719258,5903902.27169694,3.9,37.499506,7.616234,-9.556918,4.3463273276436,5,489.0109983325,-3,8.07234436670939,8.07234436670939,1
648586.639676965,5903904.07016327,113,2018-08-13T04:30:00Z,2018-08-13T04:29:30.658500Z,1534134570,413,3820.5,648586.639676965,5903904.07016327,3.9,124.733869,27.706508,-35.424616,6.96566972721578,5,489.510974999269,-3,8.08163517713547,8.08163517713547,1
648588.035565758,5903904.58038382,114,2018-08-13T04:30:00Z,2018-08-13T04:30:00.657300Z,1534134600,413,3830.5,648588.035565758,5903904.58038382,3.6,78.53915,19.741223,-20.265518,7.16258254964335,5,490.010954999924,-3,8.07875430583954,8.07875430583954,1
648590.348417026,5903903.07371486,115,2018-08-13T04:30:00Z,2018-08-13T04:30:29.155778Z,1534134630,413,3840,648590.348417026,5903903.07371486,3.11111111111111,352.2296,20.7034144444444,-65.5951444444445,13.9034236466636,5,490.485929632187,-3,8.07444571256638,8.07444571256638,1
648579.473713427,5903901.09824226,116,2018-08-13T04:30:00Z,2018-08-13T04:31:01.154444Z,1534134660,413,3849,648579.473713427,5903901.09824226,3.55555555555556,110.044177777778,38.3802233333333,-24.74936,9.59025994583709,5,491.019240732988,-3,8.09462375243505,8.09462375243505,1
648585.629998269,5903904.83894313,117,2018-08-13T04:30:00Z,2018-08-13T04:31:30.653100Z,1534134690,413,3858.5,648585.629998269,5903904.83894313,3.7,158.963431,71.65679,-60.476999,9.20431062161247,5,491.510885000229,-3,8.0834915916125,8.0834915916125,1
648585.759526446,5903901.92651494,118,2018-08-13T04:30:00Z,2018-08-13T04:32:00.651600Z,1534134720,413,3868.5,648585.759526446,5903901.92651494,3.8,64.89751,12.139289,-16.187738,6.26130735541944,5,492.010859998067,-3,8.08347520430883,8.08347520430883,1
648578.17305957,5903905.02192375,119,2018-08-13T04:30:00Z,2018-08-13T04:32:29.483778Z,1534134750,413,3878,648578.17305957,5903905.02192375,3.44444444444444,407.595033333333,45.8265933333333,-89.05486,13.7162486038378,5,492.491396299998,-3,8.09375274976095,8.09375274976095,1
648620.209933298,5903877.00933416,120,2018-08-13T04:30:00Z,2018-08-13T04:32:56.577714Z,1534134780,413,3886,648620.209933298,5903877.00933416,3.28571428571429,94.1219,23.3572571428571,-21.8720285714286,8.37204376240644,5,492.94296189944,-3,7.40157497326533,2.48155184984207,3
648888.365888693,5903605.33618138,121,2018-08-13T04:30:00Z,2018-08-13T04:33:29.147714Z,1534134810,413,3893,648888.365888693,5903605.33618138,4.14285714285714,129.818895714286,3.387243,2.87361114285714,8.48040928354604,5,493.48579523166,-3,0.130648414293925,0.130648414293925,1
649069.548692939,5903157.82240846,122,2018-08-13T04:30:00Z,2018-08-13T04:34:03.646125Z,1534134840,413,3900.5,649069.548692939,5903157.82240846,7.25,1.69482125,0.865336125,-0.1979798125,1.44371310726694,5,494.060768751303,-3,0.110921045144399,0.110921045144399,1
648967.261869187,5902740.3473516,123,2018-08-13T04:30:00Z,2018-08-13T04:34:30.144889Z,1534134870,413,3909,648967.261869187,5902740.3473516,7.88888888888889,1.15437055555556,1.42472055555556,-0.204381155555556,1.44647065748701,5,494.502414818605,-3,0.108645741144816,0.108645741144816,1
648595.140712365,5902498.5448904,124,2018-08-13T04:40:00Z,2018-08-13T04:35:00.643600Z,1534134900,413,3918.5,648595.140712365,5902498.5448904,6.6,11.8864091,14.2635532,-3.75963636,3.02524496559232,5,495.010726666451,3,0.195195925235748,0.195195925235748,1
648414.006507033,5902505.00654289,125,2018-08-13T04:40:00Z,2018-08-13T04:35:30.642300Z,1534134930,413,3928.5,648414.006507033,5902505.00654289,4,16.831265,10.242347,-0.49821107,4.75911359638375,5,495.510704998175,3,0.241913719971975,0.241913719971975,1
648173.626085235,5902501.89036196,126,2018-08-13T04:40:00Z,2018-08-13T04:36:00.640900Z,1534134960,413,3938.5,648173.626085235,5902501.89036196,4.3,1.1954177,1.914651,0.03476942036,1.77415718610717,5,496.010681664944,3,0.192046014467875,0.192046014467875,1
647895.042421128,5902395.84005742,127,2018-08-13T04:40:00Z,2018-08-13T04:36:32.139500Z,1534134990,413,3947.5,647895.042421128,5902395.84005742,4.25,5.834747625,39.37867375,4.800877875,6.61450693551708,5,496.535658331712,3,4.62543094555537,4.62543094555537,1
647873.605397984,5902415.98821162,128,2018-08-13T04:40:00Z,2018-08-13T04:37:00.638300Z,1534135020,413,3956.5,647873.605397984,5902415.98821162,4,6.099015,43.19104,4.365901,7.21976931842505,5,497.010638332367,3,5.05759056011836,5.05759056011836,1
647873.099479696,5902419.30256131,129,2018-08-13T04:40:00Z,2018-08-13T04:37:30.636900Z,1534135050,413,3966.5,647873.099479696,5902419.30256131,4,7.371713,53.17816,3.920948,7.92115139593296,5,497.510614999135,3,5.0639462629954,5.0639462629954,1
647874.078506696,5902419.2692402,130,2018-08-13T04:40:00Z,2018-08-13T04:38:01.385625Z,1534135080,413,3975.5,647874.078506696,5902419.2692402,3.875,11.36479375,38.4813875,4.5648775,7.39880045904461,5,498.023093748093,3,5.06486623287201,5.06486623287201,1
647874.250444309,5902423.49148255,131,2018-08-13T04:40:00Z,2018-08-13T04:38:31.467667Z,1534135110,413,3984,647874.250444309,5902423.49148255,4,8.16201666666667,46.82908,6.80826111111111,7.97717135718062,5,498.52446111838,3,5.06463012297948,5.06463012297948,1
647864.790453411,5902423.91869223,132,2018-08-13T04:40:00Z,2018-08-13T04:39:00.632900Z,1534135140,413,3993.5,647864.790453411,5902423.91869223,3.6,1167.836115,42.05736,61.6895708,24.2518748451853,5,499.010548333327,3,5.05424559116364,5.05424559116364,1
647873.308421726,5902422.26605187,133,2018-08-13T04:40:00Z,2018-08-13T04:39:30.798222Z,1534135170,413,4003,647873.308421726,5902422.26605187,3.66666666666667,520.496585555556,86.3359044444444,40.8338611111111,16.6635502326637,5,499.513303701083,3,5.06398073832194,5.06398073832194,1
647874.276400208,5902424.29907953,134,2018-08-13T04:40:00Z,2018-08-13T04:39:59.880250Z,1534135200,413,4009.5,647874.276400208,5902424.29907953,3,16.2344,125.203175,34.14338,14.0921419689672,5,499.998004166285,3,5.06439109245936,5.06439109245936,1
647883.940556591,5902430.01940594,135,2018-08-13T04:40:00Z,2018-08-13T04:40:47.128Z,1534135260,413,4012,647883.940556591,5902430.01940594,3,53.3211,1059.94,113.187,36.601025941905,5,500.785466667016,3,5.01611283620199,5.01611283620199,1
647831.329267646,5902443.52788947,136,2018-08-13T04:40:00Z,2018-08-13T04:41:32.876Z,1534135290,413,4014.5,647831.329267646,5902443.52788947,3,28.19283,202.8963,61.3916825,17.6537508371217,5,501.547933332125,3,3.99093166192373,3.22365811268489,2
647494.855671143,5902551.86789026,137,2018-08-13T04:40:00Z,2018-08-13T04:42:00.624700Z,1534135320,413,4021.5,647494.855671143,5902551.86789026,3.1,5.9017333,64.995616,15.58584383,8.12438638873298,5,502.010411667824,3,6.85429242451986,0.167259001731873,2
647304.700931694,5902396.64102734,138,2018-08-13T04:40:00Z,2018-08-13T04:42:30.623400Z,1534135350,413,4031.5,647304.700931694,5902396.64102734,4.6,1.1490977,6.014238,0.3491785,2.7265931138456,5,502.510389999549,3,0.244302578767141,0.244302578767141,1
647450.777348158,5902403.41045734,139,2018-08-13T04:40:00Z,2018-08-13T04:42:55.622333Z,1534135380,413,4039.5,647450.777348158,5902403.41045734,4.83333333333333,4.94790416666667,41.7794616666667,11.3373478333333,5.50365114172588,5,502.927038884163,3,0.653993391990662,0.653993391990662,1
647430.646468958,5902469.65247017,140,2018-08-13T04:40:00Z,2018-08-13T04:43:38.120500Z,1534135410,413,4043.5,647430.646468958,5902469.65247017,3,85.5935,1045.58,237.735,38.9300664588183,5,503.635341668129,3,3.01296888987223,3.01296888987223,1
647432.011959699,5902486.6753686,141,2018-08-13T04:40:00Z,2018-08-13T04:43:56.119500Z,1534135440,413,4045.5,647432.011959699,5902486.6753686,3,46.9568,611.7955,126.2443,28.2497285858917,5,503.935324998697,3,2.94738142887751,2.94738142887751,1
647423.033495499,5902488.53637895,142,2018-08-13T04:40:00Z,2018-08-13T04:44:41.118Z,1534135470,413,4047,647423.033495499,5902488.53637895,3,64.7046,912.462,181.091,36.5971119079088,5,504.685300000509,3,2.88482042551041,2.88482042551041,1
647429.310909188,5902498.6981795,143,2018-08-13T04:50:00Z,2018-08-13T04:45:11.116Z,1534135500,413,4048,647429.310909188,5902498.6981795,3,19.8313,190.848,55.0069,17.9079060752507,5,505.185266665618,9,2.86549655199051,2.86549655199051,1
647425.696658468,5902502.2533454,144,2018-08-13T04:50:00Z,2018-08-13T04:46:00.114Z,1534135560,413,4050,647425.696658468,5902502.2533454,3,22.8213666666667,241.218666666667,63.8288333333333,19.3704130009016,5,506.001900001367,9,2.82173578739166,2.82173578739166,1
647506.698375707,5902570.6641756,145,2018-08-13T04:50:00Z,2018-08-13T04:46:35.712200Z,1534135590,413,4054,647506.698375707,5902570.6641756,3,68.941018,1011.27276,190.74658,35.8269619952605,5,506.595203332106,9,8.28960211674372,0.124179983139038,3
647499.509878374,5902561.64332733,146,2018-08-13T04:50:00Z,2018-08-13T04:46:59.611333Z,1534135620,413,4059.5,647499.509878374,5902561.64332733,3,32.09876,603.9455,84.5270333333333,26.8883885143538,5,506.99352221489,9,7.09317036867142,0.147238441308339,2
647507.52801885,5902586.98573772,147,2018-08-13T04:50:00Z,2018-08-13T04:47:17.110Z,1534135650,413,4063,647507.52801885,5902586.98573772,3,62.4999,645.571,185.347,32.8445566266315,5,507.285166664918,9,9.36889855066935,0.0740599870681763,2
647496.682516168,5902566.38760816,148,2018-08-13T04:50:00Z,2018-08-13T04:48:44.106Z,1534135710,413,4064,647496.682516168,5902566.38760816,3,25.6318,690.264,60.3531,28.924073018854,5,508.73509999911,9,7.87469356060028,0.137266743183136,3
647500.0388747,5902566.20421003,149,2018-08-13T04:50:00Z,2018-08-13T04:48:59.105667Z,1534135740,413,4067.5,647500.0388747,5902566.20421003,3,51.44888,682.86155,145.094116666667,29.721246126407,5,508.985094451904,9,7.46273612181346,0.1369544506073,3
647494.850553916,5902571.73904619,150,2018-08-13T04:50:00Z,2018-08-13T04:49:33.104Z,1534135770,413,4072,647494.850553916,5902571.73904619,3.33333333333333,21.7770866666667,221.119466666667,57.9045866666667,15.7528420398701,5,509.551733334859,9,8.92054714361827,0.123888186613719,3
647494.295366726,5902575.58369215,151,2018-08-13T04:50:00Z,2018-08-13T04:49:54.603Z,1534135800,413,4074.5,647494.295366726,5902575.58369215,3,34.44424,352.6198,99.95265,21.2511762139393,5,509.91004999876,9,9.38325289487839,0.113042386372884,2
647492.518311921,5902578.37091141,152,2018-08-13T04:50:00Z,2018-08-13T04:50:26.101667Z,1534135830,413,4077,647492.518311921,5902578.37091141,3.33333333333333,49.8613333333333,975.286,131.579433333333,33.2014289278556,5,510.435027782122,9,9.40687883694967,0.104474731286367,2
647491.67935678,5902581.32892833,153,2018-08-13T04:50:00Z,2018-08-13T04:50:55.350500Z,1534135860,413,4080.5,647491.67935678,5902581.32892833,3,56.26392,1127.95985,98.366175,34.0360363023533,5,510.922508335114,9,9.42652619679769,0.094691518942515,2
647491.150996736,5902582.15438321,154,2018-08-13T04:50:00Z,2018-08-13T04:51:22.349Z,1534135890,413,4084.5,647491.150996736,5902582.15438321,3,34.181255,336.89495,91.496725,20.2780276608861,5,511.372483332952,9,9.43243764638901,0.0917742729187012,2
647492.086760299,5902598.59251706,155,2018-08-13T04:50:00Z,2018-08-13T04:52:01.097333Z,1534135920,413,4088,647492.086760299,5902598.59251706,3,39.3542333333333,539.513333333333,113.789866666667,26.3146080904914,5,512.018288882574,9,9.48962646722794,0.0202751318613688,2
647487.072435157,5902586.83702345,156,2018-08-13T04:50:00Z,2018-08-13T04:52:31.596Z,1534135950,413,4092.5,647487.072435157,5902586.83702345,3,52.2498166666667,839.345166666667,145.090266666667,32.5690503502298,5,512.526599999269,9,9.4621927579244,0.073186186949412,2
647492.048341554,5902606.79942355,157,2018-08-13T04:50:00Z,2018-08-13T04:53:00.595Z,1534135980,413,4097.5,647492.048341554,5902606.79942355,3,48.220725,738.57725,136.702375,31.7581966267564,5,513.009916667144,9,9.51075565020243,9.51075565020243,1
647495.822151573,5902618.39660766,158,2018-08-13T04:50:00Z,2018-08-13T04:53:29.843500Z,1534136010,413,4101.5,647495.822151573,5902618.39660766,3,23.159665,659.84625,44.8563725,26.3678731285046,5,513.497391664982,9,8.45919320583344,0.0691178401311239,3
647494.319126273,5902623.82640115,159,2018-08-13T04:50:00Z,2018-08-13T04:54:02.691800Z,1534136040,413,4106,647494.319126273,5902623.82640115,3,60.37924,906.3188,176.93556,35.7293818365093,5,514.044863335292,9,7.43310340245565,1.03775229056676,2
647494.530231674,5902615.79484921,160,2018-08-13T04:50:00Z,2018-08-13T04:54:29.090714Z,1534136070,413,4112,647494.530231674,5902615.79484921,3.14285714285714,70.6455814285714,829.773242857143,75.3574142857143,30.6426628509119,5,514.484845232964,9,9.23796696662903,0.217504219214121,2
647490.811608776,5902615.61061289,161,2018-08-13T05:00:00Z,2018-08-13T04:55:00.589250Z,1534136100,413,4117.5,647490.811608776,5902615.61061289,3.5,34.553825,402.838,-17.8187675,20.0214492596415,5,515.009820834796,14,9.0850058833758,0.175908354918162,3
647493.480833885,5902623.91964956,162,2018-08-13T05:00:00Z,2018-08-13T04:55:32.087625Z,1534136130,413,4123.5,647493.480833885,5902623.91964956,3.25,34.31221875,508.1354875,64.456985,22.367796817201,5,515.534793750445,14,7.40631733338038,1.01847014824549,2
647486.450582229,5902654.21456865,163,2018-08-13T05:00:00Z,2018-08-13T04:55:57.886600Z,1534136160,413,4130,647486.450582229,5902654.21456865,3.4,32.932232,560.23878,41.827392,21.3945174364197,5,515.964776666959,14,3.47992581526438,3.47992581526438,1
647483.831129875,5902718.17984954,164,2018-08-13T05:00:00Z,2018-08-13T04:56:33.885Z,1534136190,413,4135,647483.831129875,5902718.17984954,3.2,51.3442,835.4492,-30.57492,26.9791487518672,5,516.564749999841,14,6.7446336666743,6.7446336666743,1
647483.420569797,5902736.15184165,165,2018-08-13T05:00:00Z,2018-08-13T04:57:00.583750Z,1534136220,413,4141.5,647483.420569797,5902736.15184165,3.375,50.75418875,589.396875,-68.85689625,20.3249841079662,5,517.009729166826,14,8.01868343750636,8.01868343750636,1
647485.497904441,5902722.70224516,166,2018-08-13T05:00:00Z,2018-08-13T04:57:28.332500Z,1534136250,413,4147.5,647485.497904441,5902722.70224516,3,85.284375,723.43275,-143.49808,22.8001028889744,5,517.472208333016,14,6.86155964930852,6.86155964930852,1
647491.228749915,5902725.66947227,167,2018-08-13T05:00:00Z,2018-08-13T04:58:00.580900Z,1534136280,413,4154.5,647491.228749915,5902725.66947227,3.2,60.74378,878.7245,-73.378323,26.1549729296236,5,518.009681665897,14,7.89093872308731,7.89093872308731,1
647494.750555415,5902722.598282,168,2018-08-13T05:00:00Z,2018-08-13T04:58:31.329500Z,1534136310,413,4163.5,647494.750555415,5902722.598282,3.125,73.10600625,702.1187625,-136.668775,21.5054722007406,5,518.522158332666,14,7.82420677741369,7.82420677741369,1
647494.406303706,5902716.02896359,169,2018-08-13T05:00:00Z,2018-08-13T04:59:01.221143Z,1534136340,413,4171,647494.406303706,5902716.02896359,3.42857142857143,53.5301585714286,926.913028571429,-12.3385,27.4779669340225,5,519.020352383455,14,6.83518511454264,6.83518511454264,1
647494.319445084,5902713.33915446,170,2018-08-13T05:00:00Z,2018-08-13T04:59:24.876800Z,1534136370,413,4177,647494.319445084,5902713.33915446,3.2,63.494366,610.1586,-100.340022,20.5316970096165,5,519.414613334338,14,6.75603416363398,5.43216563463211,2
647496.911096114,5902741.47419989,171,2018-08-13T05:00:00Z,2018-08-13T05:00:02.450375Z,1534136400,413,4183.5,647496.911096114,5902741.47419989,3.125,59.51285,727.25775,-128.029025,22.5257449886601,5,520.040839584669,14,9.31217992305756,8.46472555001577,2
647498.708704991,5902725.17650633,172,2018-08-13T05:00:00Z,2018-08-13T05:00:29.074250Z,1534136430,413,4189.5,647498.708704991,5902725.17650633,3.5,38.1525775,698.5797,19.6505885,21.4066418403635,5,520.484570833047,14,8.24674882094065,8.00738447507223,2
647501.189415475,5902741.99826147,173,2018-08-13T05:00:00Z,2018-08-13T05:00:54.873Z,1534136460,413,4194,647501.189415475,5902741.99826147,3.4,30.33028,710.2648,27.129946,25.7866828543329,5,520.914549998442,14,9.86002164681753,8.52847226460775,3
647499.717413058,5902763.92349336,174,2018-08-13T05:00:00Z,2018-08-13T05:01:30.785714Z,1534136490,413,4200,647499.717413058,5902763.92349336,3.28571428571429,56.7003142857143,553.639142857143,-122.460582857143,18.7067527800635,5,521.513095231851,14,13.7301424185435,2.7376652320226,2
647508.274929183,5902739.30325921,175,2018-08-13T05:00:00Z,2018-08-13T05:01:59.070Z,1534136520,413,4205.5,647508.274929183,5902739.30325921,3,54.538725,668.61075,-73.73875,22.2183264066416,5,521.984499998887,14,10.1268296718597,8.52202858527502,3
647510.397870872,5902747.34863493,176,2018-08-13T05:00:00Z,2018-08-13T05:02:32.668400Z,1534136550,413,4210,647510.397870872,5902747.34863493,3.4,22.31124,517.2272,-10.177516,21.8939067134497,5,522.544473334154,14,12.0627488255501,9.60567078193029,2
647512.515772639,5902764.5969359,177,2018-08-13T05:00:00Z,2018-08-13T05:02:57.781714Z,1534136580,413,4216,647512.515772639,5902764.5969359,3.14285714285714,42.8697642857143,577.875285714286,-64.058,20.5718865644072,5,522.963028566043,14,14.0949043393135,2.17223310073217,3
647515.916808234,5902764.752036,178,2018-08-13T05:00:00Z,2018-08-13T05:03:27.066Z,1534136610,413,4221,647515.916808234,5902764.752036,3,71.0157666666667,1147.527,-108.818333333333,30.6419149236185,5,523.451099999746,14,13.7922262509664,0.60734756787618,4
647512.504502438,5902769.49978134,179,2018-08-13T05:00:00Z,2018-08-13T05:03:59.664600Z,1534136640,413,4225,647512.504502438,5902769.49978134,3.2,51.36058,645.637,-108.52722,21.5575955658974,5,523.994409998258,14,13.3311028162638,0.466259622573853,4
647519.537966636,5902778.5071921,180,2018-08-13T05:00:00Z,2018-08-13T05:04:34.063Z,1534136670,413,4230.5,647519.537966636,5902778.5071921,3,74.6989166666667,881.017833333333,-123.190611666667,25.3329617119338,5,524.567716666063,14,13.5861474275589,0.378059732913971,4
647523.315588364,5902792.39362647,181,2018-08-13T05:10:00Z,2018-08-13T05:05:02.490Z,1534136700,413,4237,647523.315588364,5902792.39362647,3.28571428571429,49.9144714285714,627.978857142857,-92.9401571428571,21.4221583744171,5,525.041500000159,20,14.965550450484,0.795574029286703,2
647525.38424739,5902786.98487606,182,2018-08-13T05:10:00Z,2018-08-13T05:05:32.060500Z,1534136730,413,4243.5,647525.38424739,5902786.98487606,3.16666666666667,72.588065,674.784866666667,-137.672918333333,20.7686226224016,5,525.534341665109,20,15.4521137754122,1.01969775358836,2
647535.511531589,5902791.03039446,183,2018-08-13T05:10:00Z,2018-08-13T05:06:04.058667Z,1534136760,413,4248,647535.511531589,5902791.03039446,3,99.3534333333333,691.529666666667,-217.805333333333,18.1751819708306,5,526.067644449075,20,14.6705718159676,0.448186326026917,2
647533.216921265,5902793.35364665,184,2018-08-13T05:10:00Z,2018-08-13T05:06:26.057667Z,1534136790,413,4251,647533.216921265,5902793.35364665,3,39.0915,425.618666666667,-37.4447666666667,18.9565759850134,5,526.434294450283,20,14.6410791873932,0.428953770796458,2
647528.808576894,5902780.27989168,185,2018-08-13T05:10:00Z,2018-08-13T05:06:56.556500Z,1534136820,413,4255.5,647528.808576894,5902780.27989168,3.16666666666667,49.7629216666667,512.607316666667,-53.7403666666667,19.5889369907385,5,526.942608332634,20,14.6833802779516,13.4738698959351,2
647528.748735183,5902759.28889739,186,2018-08-13T05:10:00Z,2018-08-13T05:07:29.054750Z,1534136850,413,4260.5,647528.748735183,5902759.28889739,3.25,37.8321,758.4385,-5.38725,26.1369450472928,5,527.484245832761,20,11.9249560395877,11.5464368542035,2
647528.611639123,5902791.36546923,187,2018-08-13T05:10:00Z,2018-08-13T05:07:58.053667Z,1534136880,413,4264,647528.611639123,5902791.36546923,3.33333333333333,50.4853333333333,354.918666666667,-109.436233333333,13.4772526526231,5,527.967561117808,20,14.9840593457222,0.70717955827713,2
647539.45322182,5902771.09765264,188,2018-08-13T05:10:00Z,2018-08-13T05:08:38.052Z,1534136910,413,4266,647539.45322182,5902771.09765264,3,58.5515,700.571,-153.476,21.2643010701034,5,528.634200000763,20,13.5895528038343,11.588807006677,3
647529.341578594,5902796.13808701,189,2018-08-13T05:10:00Z,2018-08-13T05:08:59.050500Z,1534136940,413,4268.5,647529.341578594,5902796.13808701,3.25,66.44395,788.0765,-104.9894,23.1599478240158,5,528.984174998601,20,14.6128339886665,0.43268350760142,2
647535.547499112,5902791.88859666,190,2018-08-13T05:10:00Z,2018-08-13T05:09:34.299250Z,1534136970,413,4272.5,647535.547499112,5902791.88859666,3.5,65.034275,602.11625,-132.587765,19.8693495399493,5,529.571654164791,20,14.6178557833036,0.398072350025177,2
647534.517618777,5902798.23863089,191,2018-08-13T05:10:00Z,2018-08-13T05:10:00.762143Z,1534137000,413,4278,647534.517618777,5902798.23863089,3.14285714285714,41.7889571428572,655.389857142857,34.3762542857143,25.7204020134246,5,530.012702381611,20,15.1220876097679,0.0916247208913167,3
647535.739447941,5902798.8650149,192,2018-08-13T05:10:00Z,2018-08-13T05:10:29.646400Z,1534137030,413,4284,647535.739447941,5902798.8650149,3.4,30.55358,493.03568,19.166513,21.5567911753311,5,530.494106666247,20,15.2411087711652,14.1960316061974,2
647534.020960558,5902805.73711492,193,2018-08-13T05:10:00Z,2018-08-13T05:11:02.045Z,1534137060,413,4289,647534.020960558,5902805.73711492,3,50.5379,1011.3964,-9.5947,29.5465955451073,5,531.034083334605,20,15.6122545878092,15.6122545878092,1
647535.401736331,5902818.34467267,194,2018-08-13T05:10:00Z,2018-08-13T05:11:31.443800Z,1534137090,413,4294,647535.401736331,5902818.34467267,3.2,68.773416,682.68148,-129.562088,20.9756996660465,5,531.524063332876,20,14.1661269108454,3.04134339888891,2
647543.768076819,5902799.17297682,195,2018-08-13T05:10:00Z,2018-08-13T05:12:00.328143Z,1534137120,413,4300,647543.768076819,5902799.17297682,3.42857142857143,61.194,678.058428571429,-129.991924285714,21.2018417592623,5,532.005469048023,20,15.6006868958473,15.6006868958473,1
647542.775898762,5902825.07384154,196,2018-08-13T05:10:00Z,2018-08-13T05:12:31.041Z,1534137150,413,4308,647542.775898762,5902825.07384154,3.11111111111111,62.2155377777778,993.953722222222,-52.5432466666667,29.2701181740877,5,532.517349998156,20,14.6083319385846,2.3891557653745,3
647544.943560975,5902820.66003783,197,2018-08-13T05:10:00Z,2018-08-13T05:12:58.182571Z,1534137180,413,4316,647544.943560975,5902820.66003783,3.28571428571429,24.3541714285714,432.030571428571,-5.89939428571428,19.8726827595268,5,532.969709515572,20,14.6214779933294,2.59348568518957,3
647549.678818198,5902809.56698201,198,2018-08-13T05:10:00Z,2018-08-13T05:13:33.838200Z,1534137210,413,4322,647549.678818198,5902809.56698201,3.4,30.88478,603.274,-40.1104,21.9071760527433,5,533.563970001539,20,14.3438237667084,3.12983524401983,2
647543.729590578,5902823.01256889,199,2018-08-13T05:10:00Z,2018-08-13T05:14:03.322428Z,1534137240,413,4328,647543.729590578,5902823.01256889,3.28571428571429,35.5622714285714,799.932142857143,-27.4814757142857,26.3087145488879,5,534.055373799801,20,14.5515405774117,2.48133251269658,4
647549.65921215,5902830.17079631,200,2018-08-13T05:10:00Z,2018-08-13T05:14:31.535500Z,1534137270,413,4334.5,647549.65921215,5902830.17079631,3.5,39.6993816666667,517.633366666667,-102.08842,17.3126762027766,5,534.525591667493,20,14.6625863909721,1.88788020610809,3
647556.498424525,5902824.58247664,201,2018-08-13T05:20:00Z,2018-08-13T05:15:00.534500Z,1534137300,413,4339.5,647556.498424525,5902824.58247664,3.5,37.016465,369.255025,-73.962945,14.989485265321,5,535.008908331394,26,15.125918841362,1.9584267616272,3
647560.350971867,5902816.46067527,202,2018-08-13T05:20:00Z,2018-08-13T05:15:22.033Z,1534137330,413,4343,647560.350971867,5902816.46067527,3.33333333333333,90.8124666666667,781.735333333333,-205.446766666667,19.9639162356892,5,535.36721666654,26,15.7092251618703,2.21481655836105,2
647553.349377343,5902812.80562635,203,2018-08-13T05:20:00Z,2018-08-13T05:16:01.174286Z,1534137360,413,4348,647553.349377343,5902812.80562635,3.28571428571429,46.5880457142857,723.911357142857,26.8138571428571,25.2044199606605,5,536.019571431478,26,15.4906530300776,2.75202731291453,3
647567.597568965,5902816.95973582,204,2018-08-13T05:20:00Z,2018-08-13T05:16:31.530Z,1534137390,413,4354.5,647567.597568965,5902816.95973582,3.5,44.9958166666667,547.300333333333,-58.9545583333333,20.1891673282425,5,536.525499999523,26,14.5437243302663,1.17636950016022,3
647559.897091324,5902844.35566759,205,2018-08-13T05:20:00Z,2018-08-13T05:16:57.828600Z,1534137420,413,4360,647559.897091324,5902844.35566759,3.4,35.08939,692.1942,-24.637074,22.544718346916,5,536.96380999883,26,11.478020465374,11.478020465374,1
647558.522961654,5902839.77426158,206,2018-08-13T05:20:00Z,2018-08-13T05:17:28.527500Z,1534137450,413,4365.5,647558.522961654,5902839.77426158,3.16666666666667,42.2778166666667,1048.904,-36.5794833333333,30.8912289582796,5,537.475458331903,26,12.0741936445236,12.0741936445236,1
647566.224066015,5902835.12012829,207,2018-08-13T05:20:00Z,2018-08-13T05:17:59.025857Z,1534137480,413,4372,647566.224066015,5902835.12012829,3.14285714285714,37.2805714285714,824.348428571429,-40.4559142857143,27.0117812192401,5,537.983764282862,26,13.1229622880618,13.1229622880618,1
647565.652116007,5902844.46127953,208,2018-08-13T05:20:00Z,2018-08-13T05:18:29.024571Z,1534137510,413,4379,647565.652116007,5902844.46127953,3.28571428571429,68.4210714285714,573.080042857143,-114.891675714286,18.8767268264151,5,538.483742849032,26,12.3736846168836,0.960750742753347,2
647574.251213552,5902863.54872394,209,2018-08-13T05:20:00Z,2018-08-13T05:19:00.148125Z,1534137540,413,4386.5,647574.251213552,5902863.54872394,3.375,46.952425,651.8150375,-54.12343,22.6703363188934,5,539.002468748887,26,10.1040371020635,0.0711231390635173,3
647583.598310624,5902847.96403341,210,2018-08-13T05:20:00Z,2018-08-13T05:19:28.164572Z,1534137570,413,4394,647583.598310624,5902847.96403341,3.42857142857143,26.6486471428571,449.170757142857,6.05148285714286,19.6837314481412,5,539.469409533342,26,14.8639854272207,1.02127467791239,2
647584.999632501,5902851.50015237,211,2018-08-13T05:20:00Z,2018-08-13T05:19:59.770500Z,1534137600,413,4401.5,647584.999632501,5902851.50015237,3.5,27.7910175,532.580025,-53.79825625,19.6623738564044,5,539.996174999078,26,13.6139864961306,0.153959814707438,2
647590.748875578,5902842.6341456,212,2018-08-13T05:20:00Z,2018-08-13T05:20:30.685667Z,1534137630,413,4410,647590.748875578,5902842.6341456,3.77777777777778,24.6477622222222,309.744888888889,-27.2287966666667,14.9653699676389,5,540.511427783966,26,13.4518016815186,13.4518016815186,1
647592.737580355,5902846.87917662,213,2018-08-13T05:20:00Z,2018-08-13T05:20:56.017857Z,1534137660,413,4418,647592.737580355,5902846.87917662,3.71428571428571,26.8876571428571,240.758928571429,-41.0482,13.0587703090044,5,540.933630951246,26,13.0173104961713,1.53445345958074,2
647598.319837877,5902855.3412315,214,2018-08-13T05:20:00Z,2018-08-13T05:21:30.516300Z,1534137690,413,4426.5,647598.319837877,5902855.3412315,3.4,45.376187,254.5378,-87.76344,10.6467814281039,5,541.508604999383,26,11.1335217475891,11.1335217475891,1
647608.445659279,5902853.71113446,215,2018-08-13T05:20:00Z,2018-08-13T05:22:00.514800Z,1534137720,413,4436.5,647608.445659279,5902853.71113446,3.7,40.950015,218.43373,-79.784039,9.33527430936003,5,542.008580001195,26,10.3940415461858,0.3211789727211,2
647610.380898734,5902855.90821526,216,2018-08-13T05:20:00Z,2018-08-13T05:22:30.513500Z,1534137750,413,4446.5,647610.380898734,5902855.90821526,3.5,33.291148,448.76708,-15.8326167,17.7587564299985,5,542.50855833292,26,9.85182947317759,9.85182947317759,1
647611.599056214,5902856.19597131,217,2018-08-13T05:20:00Z,2018-08-13T05:23:00.345444Z,1534137780,413,4456,647611.599056214,5902856.19597131,3.33333333333333,38.4691911111111,372.509955555556,-52.4765511111111,14.4051198572258,5,543.0057573994,26,9.73789001703262,9.73789001703262,1
647615.881986597,5902848.04484125,218,2018-08-13T05:20:00Z,2018-08-13T05:23:28.260875Z,1534137810,413,4464.5,647615.881986597,5902848.04484125,3.125,58.2645375,371.25475,-84.900215,14.6051584825835,5,543.471014583111,26,9.25416076580683,9.25416076580683,1
647615.598365574,5902854.32638366,219,2018-08-13T05:20:00Z,2018-08-13T05:24:00.509400Z,1534137840,413,4473.5,647615.598365574,5902854.32638366,3.7,48.385103,253.97925,-88.209407,10.5537140301236,5,544.008489998182,26,9.23388659556707,9.23388659556707,1
647615.951002539,5902851.71315643,220,2018-08-13T05:20:00Z,2018-08-13T05:24:31.341222Z,1534137870,413,4483,647615.951002539,5902851.71315643,3.66666666666667,51.5789166666667,321.056211111111,-78.1978171111111,13.8060512617078,5,544.522353700797,26,9.23726345698039,9.23726345698039,1
647622.076301246,5902846.71509823,221,2018-08-13T05:30:00Z,2018-08-13T05:25:00.506600Z,1534137900,413,4492.5,647622.076301246,5902846.71509823,3.4,17.013996,153.64585,-28.564173,10.3326547917953,5,545.008443331719,32,8.77611333926519,8.77611333926519,1
647625.462137775,5902842.98808225,222,2018-08-13T05:30:00Z,2018-08-13T05:25:32.755125Z,1534137930,413,4501.5,647625.462137775,5902842.98808225,3.75,7.5059,74.308525,-12.09316125,7.29842422577149,5,545.545918750763,32,8.64686196247737,8.64686196247737,1
647628.851170854,5902846.22117005,223,2018-08-13T05:30:00Z,2018-08-13T05:26:00.503700Z,1534137960,413,4510.5,647628.851170854,5902846.22117005,3.7,9.335925,58.20473,-16.940954,5.55035552087776,5,546.008395000299,32,8.58409264485041,8.58409264485041,1
647631.10137915,5902848.72791073,224,2018-08-13T05:30:00Z,2018-08-13T05:26:30.502500Z,1534137990,413,4520.5,647631.10137915,5902848.72791073,3.4,22.756579,108.29365,-37.303014,7.14386063809767,5,546.508375000954,32,8.52243204514186,8.52243204514186,1
647632.098131585,5902850.07797111,225,2018-08-13T05:30:00Z,2018-08-13T05:27:00.501100Z,1534138020,413,4530.5,647632.098131585,5902850.07797111,3.5,34.231336,94.47791,-30.493457,7.32672926353067,5,547.008351667722,32,8.48657584587733,8.48657584587733,1
647633.055198737,5902850.42978672,226,2018-08-13T05:30:00Z,2018-08-13T05:27:30.499600Z,1534138050,413,4540.5,647633.055198737,5902850.42978672,3.3,14.946271,108.134708,-28.6165376,7.24971033164322,5,547.50832666556,32,8.44508555730184,8.44508555730184,1
647698.402577721,5902857.52388578,227,2018-08-13T05:30:00Z,2018-08-13T05:28:00.498400Z,1534138080,413,4550.5,647698.402577721,5902857.52388578,3.5,14.598978,167.33241,-32.798208,9.83797597913014,5,548.008306666215,32,0.476257824897766,0.476257824897766,1
647954.290690504,5902808.32370813,228,2018-08-13T05:30:00Z,2018-08-13T05:28:30.496900Z,1534138110,413,4560.5,647954.290690504,5902808.32370813,3.8,11.650324,147.629047,-16.6153796,9.27997813090131,5,548.508281668027,32,3.52593846321106,3.52593846321106,1
647991.233109678,5902809.72745142,229,2018-08-13T05:30:00Z,2018-08-13T05:29:00.495600Z,1534138140,413,4570.5,647991.233109678,5902809.72745142,3.4,16.6311,37.17097,-13.080404,5.13673502436375,5,549.008259999752,32,7.06178713639577,7.06178713639577,1
647993.454344462,5902802.73244526,230,2018-08-13T05:30:00Z,2018-08-13T05:29:30.494300Z,1534138170,413,4580.5,647993.454344462,5902802.73244526,3.7,6.214491,52.67123,-3.5649864,6.76548917358251,5,549.508238331477,32,7.06677666505178,7.06677666505178,1
647993.071221397,5902804.11373694,231,2018-08-13T05:30:00Z,2018-08-13T05:30:00.492800Z,1534138200,413,4590.5,647993.071221397,5902804.11373694,3.8,5.937659,32.654157,-3.7286278,5.20368986482855,5,550.008213333289,32,7.06597967942556,7.06597967942556,1
647994.07276,5902805.79379359,232,2018-08-13T05:30:00Z,2018-08-13T05:30:30.491500Z,1534138230,413,4600.5,647994.07276,5902805.79379359,3.5,10.054435,52.18811,-7.5208446,6.66362673278575,5,550.508191665014,32,7.0646697918574,7.0646697918574,1
647992.663513359,5902799.30674444,233,2018-08-13T05:30:00Z,2018-08-13T05:31:00.490200Z,1534138260,413,4610.5,647992.663513359,5902799.30674444,3.8,26.347297,49.78048,-5.58046757,7.6548371797231,5,551.008170000712,32,7.06827763319016,7.06827763319016,1
647999.28858072,5902800.89483957,234,2018-08-13T05:30:00Z,2018-08-13T05:31:30.488700Z,1534138290,413,4620.5,647999.28858072,5902800.89483957,3.8,8.522387,57.9057,-3.0320301,7.69731288122766,5,551.50814499855,32,7.06736160914103,7.06736160914103,1
648004.32368069,5902800.04504077,235,2018-08-13T05:30:00Z,2018-08-13T05:32:00.487400Z,1534138320,413,4630.5,648004.32368069,5902800.04504077,3.9,4.309423,41.535048,-2.5555857,6.10538461177609,5,552.008123334249,32,7.05878564914068,7.05878564914068,1
648004.603548501,5902802.63301324,236,2018-08-13T05:30:00Z,2018-08-13T05:32:29.986Z,1534138350,413,4640,648004.603548501,5902802.63301324,3.77777777777778,9.53763777777778,51.4557377777778,-3.46688466666667,6.9888844746797,5,552.499766667684,32,7.05780387719472,7.05780387719472,1
648008.69256976,5902799.89170709,237,2018-08-13T05:30:00Z,2018-08-13T05:33:00.484600Z,1534138380,413,4649.5,648008.69256976,5902799.89170709,3.9,5.911428,27.1966,-3.684184,5.01804467600321,5,553.008076667786,32,7.00656117598216,7.00656117598216,1
648009.162170455,5902799.10908299,238,2018-08-13T05:30:00Z,2018-08-13T05:33:30.483300Z,1534138410,413,4659.5,648009.162170455,5902799.10908299,4,6.274719,34.51601,-4.528456,5.61507905795062,5,553.508054999511,32,6.99982282320658,6.99982282320658,1
648009.226805224,5902798.97448747,239,2018-08-13T05:30:00Z,2018-08-13T05:34:00.481700Z,1534138440,413,4669.5,648009.226805224,5902798.97448747,4,5.417223,29.85144,-3.83309,5.2082475622843,5,554.008028332392,32,6.99883709351222,6.99883709351222,1
648008.819306412,5902798.02967806,240,2018-08-13T05:30:00Z,2018-08-13T05:34:30.480500Z,1534138470,413,4679.5,648008.819306412,5902798.02967806,4,6.460323,37.45256,-4.791884,5.81915701364728,5,554.508008333047,32,7.00202986796697,7.00202986796697,1
648008.508215424,5902800.05611927,241,2018-08-13T05:40:00Z,2018-08-13T05:35:00.479100Z,1534138500,413,4689.5,648008.508215424,5902800.05611927,4,6.32164,32.470785,-4.8781973,5.23108891576826,5,555.007984999816,38,7.00897533496221,7.00897533496221,1
648019.430978888,5902795.20130695,242,2018-08-13T05:40:00Z,2018-08-13T05:35:30.477700Z,1534138530,413,4699.5,648019.430978888,5902795.20130695,3.9,9.073073,90.68573,-2.239658,8.07474251474932,5,555.507961666584,38,6.86821247736613,6.86821247736613,1
648225.62869633,5902652.15353029,243,2018-08-13T05:40:00Z,2018-08-13T05:36:00.476400Z,1534138560,413,4709.5,648225.62869633,5902652.15353029,4.1,1.945384,8.595612,-0.11142208,2.76326112676878,5,556.007939998309,38,0.181350994110107,0.181350994110107,1
648507.389644358,5902505.28919569,244,2018-08-13T05:40:00Z,2018-08-13T05:36:31.641778Z,1534138590,413,4719,648507.389644358,5902505.28919569,4.22222222222222,8.60009333333333,26.08963,-0.580022498888889,4.91651139263854,5,556.527362966537,38,0.211249438921611,0.211249438921611,1
648690.625584344,5902534.28620713,245,2018-08-13T05:40:00Z,2018-08-13T05:37:00.473700Z,1534138620,413,4728.5,648690.625584344,5902534.28620713,4,9.495993,12.53676,-0.40123079,4.25490629651541,5,557.007895000776,38,6.51074716250102,6.51074716250102,1
648695.737087232,5902538.67415797,246,2018-08-13T05:40:00Z,2018-08-13T05:37:30.472500Z,1534138650,413,4738.5,648695.737087232,5902538.67415797,4,11.659191,4.889672,-0.3280946,3.97590448263258,5,557.507875001431,38,7.05567446152369,7.05567446152369,1
648696.469330125,5902539.24020255,247,2018-08-13T05:40:00Z,2018-08-13T05:38:00.471100Z,1534138680,413,4748.5,648696.469330125,5902539.24020255,4,10.46545,5.170904,-0.57066803,3.7736343533055,5,558.007851668199,38,7.13576624790828,7.13576624790828,1
648697.135481689,5902542.2673727,248,2018-08-13T05:40:00Z,2018-08-13T05:38:30.469700Z,1534138710,413,4758.5,648697.135481689,5902542.2673727,3.9,11.235003,6.964727,0.2991236,4.22969240839965,5,558.507828334967,38,7.39173438549042,7.39173438549042,1
648701.996908239,5902543.72346333,249,2018-08-13T05:40:00Z,2018-08-13T05:39:00.468400Z,1534138740,413,4768.5,648701.996908239,5902543.72346333,3.9,15.079822,6.603679,-0.881138,4.33596075272716,5,559.007806666692,38,7.92343589862188,7.92343589862188,1
648703.064357794,5902546.7485186,250,2018-08-13T05:40:00Z,2018-08-13T05:39:30.467Z,1534138770,413,4778.5,648703.064357794,5902546.7485186,3.5,18.883211,6.151419,-0.61084173,4.81989964241314,5,559.507783333461,38,8.63090928792954,8.63090928792954,1
648708.100677241,5902551.53209571,251,2018-08-13T05:40:00Z,2018-08-13T05:40:00.465600Z,1534138800,413,4788.5,648708.100677241,5902551.53209571,3.4,21.866696,12.244881,0.53986794,5.66329929194226,5,560.007760000229,38,9.18183521032333,9.18183521032333,1
648711.350393196,5902550.86755734,252,2018-08-13T05:40:00Z,2018-08-13T05:40:30.464300Z,1534138830,413,4798.5,648711.350393196,5902550.86755734,3.9,25.810814,6.469315,-0.16405162,5.49258189671467,5,560.507738331954,38,9.36519660949707,9.36519660949707,1
648709.558949732,5902552.24090241,253,2018-08-13T05:40:00Z,2018-08-13T05:41:00.462800Z,1534138860,413,4808.5,648709.558949732,5902552.24090241,4,15.96152,7.974024,-0.9805136,4.66176741231112,5,561.007713333766,38,9.36125368674596,9.36125368674596,1
648711.673157347,5902550.35395331,254,2018-08-13T05:40:00Z,2018-08-13T05:41:30.461500Z,1534138890,413,4818.5,648711.673157347,5902550.35395331,3.8,9.567418,10.515552,-1.02299144,4.12867909653501,5,561.507691665491,38,9.33711229960124,9.33711229960124,1
648716.412322586,5902553.03697348,255,2018-08-13T05:40:00Z,2018-08-13T05:42:00.460100Z,1534138920,413,4828.5,648716.412322586,5902553.03697348,4,9.114999,7.133944,-0.67951467,3.83785239459542,5,562.007668332259,38,10.1216848095258,10.1216848095258,1
648720.946663087,5902559.52960537,256,2018-08-13T05:40:00Z,2018-08-13T05:42:30.458700Z,1534138950,413,4838.5,648720.946663087,5902559.52960537,4,9.973989,5.108881,-0.40581809,3.74294387906811,5,562.507644999027,38,11.4907775521278,11.4907775521278,1
648721.506825426,5902565.49463459,257,2018-08-13T05:40:00Z,2018-08-13T05:43:00.457400Z,1534138980,413,4848.5,648721.506825426,5902565.49463459,4,11.947016,5.172145,-0.88620144,3.84440312038004,5,563.007623334726,38,11.9924621184667,11.9924621184667,1
648726.894448008,5902571.40024692,258,2018-08-13T05:40:00Z,2018-08-13T05:43:30.455900Z,1534139010,413,4858.5,648726.894448008,5902571.40024692,4,13.931136,3.879383,-1.00953629,3.78732023177944,5,563.507598332564,38,12.6187728087107,12.6187728087107,1
648727.951472207,5902577.75886212,259,2018-08-13T05:40:00Z,2018-08-13T05:44:00.454600Z,1534139040,413,4868.5,648727.951472207,5902577.75886212,3.8,9.284154,38.803251,-1.75246043,5.19521768138642,5,564.007576668262,38,12.378389108181,12.378389108181,1
648731.580886147,5902581.60348274,260,2018-08-13T05:40:00Z,2018-08-13T05:44:30.453300Z,1534139070,413,4878.5,648731.580886147,5902581.60348274,4,12.777087,5.595643,-0.934606,4.03527798444544,5,564.507554999987,38,11.9837901433309,11.9837901433309,1
648732.542914282,5902584.58023996,261,2018-08-13T05:50:00Z,2018-08-13T05:45:00.451700Z,1534139100,413,4888.5,648732.542914282,5902584.58023996,4,10.367124,6.198089,-0.8526188,3.76246131587902,5,565.007528332869,44,11.7783433357875,11.7783433357875,1
648733.719322267,5902585.5641102,262,2018-08-13T05:50:00Z,2018-08-13T05:45:30.450500Z,1534139130,413,4898.5,648733.719322267,5902585.5641102,3.8,42.355928,13.098305,-1.59802004,6.01682669535945,5,565.507508333524,44,11.8753934621811,11.8753934621811,1
648738.765233359,5902589.99904908,263,2018-08-13T05:50:00Z,2018-08-13T05:46:00.949111Z,1534139160,413,4908,648738.765233359,5902589.99904908,3.77777777777778,15.0589211111111,20.6270611111111,-2.42206133333333,5.26555285710832,5,566.015818516413,44,13.1369418223699,13.1369418223699,1
648743.863733651,5902590.83351452,264,2018-08-13T05:50:00Z,2018-08-13T05:46:30.072750Z,1534139190,413,4916.5,648743.863733651,5902590.83351452,3.75,6.6174875,50.7604725,-2.7877907125,5.95998312445873,5,566.501212501526,44,12.0886943777402,12.0886943777402,1
648748.163781476,5902591.2019933,265,2018-08-13T05:50:00Z,2018-08-13T05:47:01.946333Z,1534139220,413,4925,648748.163781476,5902591.2019933,3.88888888888889,6.14372555555556,39.9759755555556,-1.67629412222222,5.83808078611715,5,567.032438882192,44,13.117656493187,13.117656493187,1
648749.063036955,5902595.18972131,266,2018-08-13T05:50:00Z,2018-08-13T05:47:30.819875Z,1534139250,413,4933.5,648749.063036955,5902595.18972131,3.875,6.8306675,27.56781875,-0.643770625,5.22437849549857,5,567.513664583365,44,13.0444008787473,13.0444008787473,1
648751.919569063,5902593.18952786,267,2018-08-13T05:50:00Z,2018-08-13T05:48:00.443600Z,1534139280,413,4942.5,648751.919569063,5902593.18952786,3.9,9.873441,12.3504,-0.7687547,4.1980256993236,5,568.007393332322,44,13.3735092918078,13.3735092918078,1
648757.468186141,5902594.22180086,268,2018-08-13T05:50:00Z,2018-08-13T05:48:30.442300Z,1534139310,413,4952.5,648757.468186141,5902594.22180086,4,7.826227,11.851875,-0.32186639,4.18049161144623,5,568.507371668021,44,15.2062814195951,15.2062814195951,1
648760.763016296,5902596.81189662,269,2018-08-13T05:50:00Z,2018-08-13T05:49:00.440700Z,1534139340,413,4962.5,648760.763016296,5902596.81189662,4,9.611313,6.382203,-0.098523,3.85179841740918,5,569.007345000903,44,15.0077335119247,15.0077335119247,1
648766.785915381,5902598.04178347,270,2018-08-13T05:50:00Z,2018-08-13T05:49:30.439500Z,1534139370,413,4972.5,648766.785915381,5902598.04178347,3.9,10.910655,17.758961,-1.00121568,4.48663205243714,5,569.507325001558,44,15.2335675517718,15.2335675517718,1
648770.461786089,5902599.55071735,271,2018-08-13T05:50:00Z,2018-08-13T05:50:00.438100Z,1534139400,413,4982.5,648770.461786089,5902599.55071735,3.8,46.387747,5.524057,-0.78731897,5.71690588064921,5,570.007301668326,44,15.2084078749021,15.2084078749021,1
648776.58283952,5902597.62432332,272,2018-08-13T05:50:00Z,2018-08-13T05:50:30.436600Z,1534139430,413,4992.5,648776.58283952,5902597.62432332,3.8,10.114995,16.06145,-0.28018686,4.77910403376613,5,570.507276666165,44,15.0669553756714,15.0669553756714,1
648781.637968546,5902596.47219882,273,2018-08-13T05:50:00Z,2018-08-13T05:51:00.435300Z,1534139460,413,5002.5,648781.637968546,5902596.47219882,3.9,15.275996,37.708118,-0.3519415,6.23228931419946,5,571.007255001863,44,14.4196121692657,14.4196121692657,1
648783.020428697,5902597.10684664,274,2018-08-13T05:50:00Z,2018-08-13T05:51:30.433900Z,1534139490,413,5012.5,648783.020428697,5902597.10684664,4,9.681624,10.335123,-0.6173516,4.20294491241341,5,571.507231668631,44,14.1599109212557,14.1599109212557,1
648784.917423765,5902598.22733364,275,2018-08-13T05:50:00Z,2018-08-13T05:52:00.432500Z,1534139520,413,5022.5,648784.917423765,5902598.22733364,3.8,15.584942,6.204776,-0.64083906,4.3270138226577,5,572.007208331426,44,14.1372781316439,14.1372781316439,1
648786.129552923,5902597.37910001,276,2018-08-13T05:50:00Z,2018-08-13T05:52:30.431300Z,1534139550,413,5032.5,648786.129552923,5902597.37910001,3.7,14.406268,15.053468,0.3159289,5.18356750137084,5,572.507188332081,44,14.079705965519,14.079705965519,1
648787.815541698,5902595.92259779,277,2018-08-13T05:50:00Z,2018-08-13T05:53:00.429700Z,1534139580,413,5042.5,648787.815541698,5902595.92259779,3.6,7.293654,30.530276,-2.0548003,5.32008161771609,5,573.007161664963,44,13.9770362933477,13.9770362933477,1
648791.954364565,5902592.8193632,278,2018-08-13T05:50:00Z,2018-08-13T05:53:30.428400Z,1534139610,413,5052.5,648791.954364565,5902592.8193632,3.7,11.875184,94.166926,-3.6595206,8.3366801154035,5,573.507140000661,44,13.676927002271,13.676927002271,1
648795.126530035,5902599.40601463,279,2018-08-13T05:50:00Z,2018-08-13T05:54:00.927111Z,1534139640,413,5062,648795.126530035,5902599.40601463,4,10.3183366666667,9.07785111111111,-0.173859666666667,4.30544651069955,5,574.015451848507,44,13.7402593135834,13.7402593135834,1
648795.158451766,5902600.32937947,280,2018-08-13T05:50:00Z,2018-08-13T05:54:30.425600Z,1534139670,413,5071.5,648795.158451766,5902600.32937947,4,10.3512,5.270483,-0.2825084,3.76241927895269,5,574.507093334198,44,13.7746593395869,13.7746593395869,1
648796.359196275,5902601.81079445,281,2018-08-13T06:00:00Z,2018-08-13T05:55:00.924333Z,1534139700,413,5081,648796.359196275,5902601.81079445,4,8.70268111111111,10.2461833333333,-0.475463222222222,4.10222748040331,5,575.015405551593,50,13.7799697160721,13.7799697160721,1
648801.094553196,5902600.03975095,282,2018-08-13T06:00:00Z,2018-08-13T05:55:30.422900Z,1534139730,413,5090.5,648801.094553196,5902600.03975095,3.7,9.042274,39.6701,-1.01399067,5.93075516391686,5,575.507048332691,50,12.945210146904,12.945210146904,1
648802.146872291,5902604.52539275,283,2018-08-13T06:00:00Z,2018-08-13T05:56:00.421500Z,1534139760,413,5100.5,648802.146872291,5902604.52539275,3.9,8.791847,35.983144,-0.7277426,5.38417234089329,5,576.00702499946,50,13.1593276619911,13.1593276619911,1
648803.524731132,5902604.23448859,284,2018-08-13T06:00:00Z,2018-08-13T05:56:30.420200Z,1534139790,413,5110.5,648803.524731132,5902604.23448859,3.7,16.881835,15.830024,-1.5496381,5.20177789576229,5,576.507003335158,50,13.1031340241432,13.1031340241432,1
648804.744708989,5902609.60294358,285,2018-08-13T06:00:00Z,2018-08-13T05:57:00.585333Z,1534139820,413,5120,648804.744708989,5902609.60294358,3.88888888888889,21.4691422222222,5.73103222222222,-3.09265177777778,4.31467791720132,5,577.009755551815,50,13.4225444396337,13.4225444396337,1
648798.555717138,5902615.35069612,286,2018-08-13T06:00:00Z,2018-08-13T05:57:30.417400Z,1534139850,413,5129.5,648798.555717138,5902615.35069612,3.7,134.985134,11.875388,-1.5241095,9.22888521803153,5,577.506956664721,50,13.8020145217578,13.8020145217578,1
648806.233846266,5902617.00308158,287,2018-08-13T06:00:00Z,2018-08-13T05:58:00.249333Z,1534139880,413,5139,648806.233846266,5902617.00308158,3.66666666666667,6.51711,55.1614811111111,-0.282487489444445,6.42604500893523,5,578.004155548414,50,14.0762852827708,14.0762852827708,1
648810.940870958,5902618.68687317,288,2018-08-13T06:00:00Z,2018-08-13T05:58:30.414600Z,1534139910,413,5148.5,648810.940870958,5902618.68687317,3.9,7.935419,33.703324,-0.18777352,5.48729782988079,5,578.506909998258,50,13.9197422822316,13.9197422822316,1
648817.182679875,5902619.64220328,289,2018-08-13T06:00:00Z,2018-08-13T05:59:00.413300Z,1534139940,413,5158.5,648817.182679875,5902619.64220328,3.8,11.519991,42.772697,-1.03747986,6.53593329985592,5,579.006888333957,50,14.0467913071315,14.0467913071315,1
648820.171565309,5902625.94186507,290,2018-08-13T06:00:00Z,2018-08-13T05:59:30.411900Z,1534139970,413,5168.5,648820.171565309,5902625.94186507,3.8,59.965437,5.739958,-0.26988108,5.9136759640648,5,579.506865000725,50,14.9454984545708,14.9454984545708,1
648826.428486702,5902629.1347508,291,2018-08-13T06:00:00Z,2018-08-13T06:00:00.410500Z,1534140000,413,5178.5,648826.428486702,5902629.1347508,3.8,26.460402,2.849112,-0.46090535,4.46088997627549,5,580.006841667493,50,13.2367297530174,13.2367297530174,1
648830.488769855,5902635.18814274,292,2018-08-13T06:00:00Z,2018-08-13T06:00:30.409200Z,1534140030,413,5188.5,648830.488769855,5902635.18814274,4,16.901473,6.648031,-1.07651762,4.51862962923276,5,580.506819999218,50,13.4369812766711,13.4369812766711,1
648830.628305405,5902641.73994154,293,2018-08-13T06:00:00Z,2018-08-13T06:00:58.907778Z,1534140060,413,5198,648830.628305405,5902641.73994154,4,11.75711,4.44039333333333,0.266490566666667,4.02749059239433,5,580.981796300411,50,12.5841021577517,12.5841021577517,1
648832.885247281,5902646.54399753,294,2018-08-13T06:00:00Z,2018-08-13T06:01:30.406400Z,1534140090,413,5207.5,648832.885247281,5902646.54399753,3.8,44.112259,31.126039,1.6829205,7.69298563902257,5,581.506773332755,50,12.2828456083934,12.2828456083934,1
648833.5635931,5902651.59177881,295,2018-08-13T06:00:00Z,2018-08-13T06:02:00.405Z,1534140120,413,5217.5,648833.5635931,5902651.59177881,3.9,26.440362,15.131586,0.23108578,5.97175283787844,5,582.006749999523,50,11.6706732590993,11.6706732590993,1
648833.574099453,5902652.87511026,296,2018-08-13T06:00:00Z,2018-08-13T06:02:31.236889Z,1534140150,413,5227,648833.574099453,5902652.87511026,3.88888888888889,14.5574377777778,5.70461888888889,-2.52686302222222,3.80169761601202,5,582.520614814758,50,11.6489531755447,11.6489531755447,1
648835.493809076,5902656.66171732,297,2018-08-13T06:00:00Z,2018-08-13T06:03:00.402300Z,1534140180,413,5236.5,648835.493809076,5902656.66171732,3.6,8.690424,38.435047,-0.02998049,6.05792660841425,5,583.006704998017,50,11.5563093185425,11.5563093185425,1
648842.314144384,5902661.1964205,298,2018-08-13T06:00:00Z,2018-08-13T06:03:30.400800Z,1534140210,413,5246.5,648842.314144384,5902661.1964205,3.8,10.280194,33.619696,0.2278732,5.65652238280933,5,583.506679999828,50,11.7278541088104,11.7278541088104,1
648846.61830398,5902658.94841773,299,2018-08-13T06:00:00Z,2018-08-13T06:04:01.566111Z,1534140240,413,5256,648846.61830398,5902658.94841773,3.77777777777778,54.9365177777778,23.0075044444444,-1.27823446666667,7.13341211643584,5,584.026101851463,50,12.1793276508649,11.7666893283526,2
648853.771704439,5902658.06739415,300,2018-08-13T06:00:00Z,2018-08-13T06:04:30.398100Z,1534140270,413,5265.5,648853.771704439,5902658.06739415,3.9,13.336286,14.065362,-4.54541792,4.0586008516543,5,584.506634998322,50,12.3904043277105,11.9458885391553,2
648855.531582245,5902658.31865228,301,2018-08-13T06:10:00Z,2018-08-13T06:05:00.396700Z,1534140300,413,5275.5,648855.531582245,5902658.31865228,3.8,11.855418,21.065853,-0.58763468,5.43299384275941,5,585.00661166509,56,12.6900869091352,12.2372577945391,2
648857.284216632,5902657.95267118,302,2018-08-13T06:10:00Z,2018-08-13T06:05:30.395400Z,1534140330,413,5285.5,648857.284216632,5902657.95267118,3.7,19.018467,4.050865,-0.06472416,4.65690225585753,5,585.506590000788,56,12.6373720169067,12.1803691188494,2
648859.337358775,5902658.82370257,303,2018-08-13T06:10:00Z,2018-08-13T06:05:59.560555Z,1534140360,413,5295,648859.337358775,5902658.82370257,4,10.8954222222222,5.83230777777778,-0.420447266666667,3.69743913575872,5,585.992675916354,56,12.848523235321,12.3805418610573,2
648864.141111114,5902655.92249292,304,2018-08-13T06:10:00Z,2018-08-13T06:06:30.392600Z,1534140390,413,5304.5,648864.141111114,5902655.92249292,3.8,8.39724,32.669741,-1.18903223,5.95267673492395,5,586.506543334325,56,11.9394227306048,11.4747053146362,2
648868.299466659,5902663.27504185,305,2018-08-13T06:10:00Z,2018-08-13T06:07:00.391300Z,1534140420,413,5314.5,648868.299466659,5902663.27504185,3.9,12.054811,5.781488,-0.52867425,3.99233800053777,5,587.00652166605,56,13.6379896243413,13.1304857412974,2
648868.714051984,5902664.93707777,306,2018-08-13T06:10:00Z,2018-08-13T06:07:30.389700Z,1534140450,413,5324.5,648868.714051984,5902664.93707777,3.8,13.895043,4.436002,-0.4996578,4.11057975309994,5,587.506494998932,56,13.6362088600794,13.6362088600794,1
648869.977396934,5902670.75491423,307,2018-08-13T06:10:00Z,2018-08-13T06:08:00.388500Z,1534140480,413,5334.5,648869.977396934,5902670.75491423,3.9,8.591743,7.219499,-0.4981005,3.67200431928022,5,588.006474999587,56,13.1702285607656,13.1702285607656,1
648870.735267822,5902674.06857362,308,2018-08-13T06:10:00Z,2018-08-13T06:08:30.387100Z,1534140510,413,5344.5,648870.735267822,5902674.06857362,3.8,11.843005,33.189481,2.096278422,5.96807352524533,5,588.506451666355,56,12.8691146850586,12.8691146850586,1
648871.230320198,5902679.45232859,309,2018-08-13T06:10:00Z,2018-08-13T06:09:00.385600Z,1534140540,413,5354.5,648871.230320198,5902679.45232859,3.6,15.919734,5.442259,-2.5707776,3.89795010206747,5,589.006426668167,56,12.4333357930183,12.4333357930183,1
648873.052218101,5902689.81735035,310,2018-08-13T06:10:00Z,2018-08-13T06:09:30.384400Z,1534140570,413,5364.5,648873.052218101,5902689.81735035,3.8,16.921327,6.336814,0.872457,4.8532526034858,5,589.506406664848,56,10.9589329679807,10.9589329679807,1
648871.1964358,5902697.81633651,311,2018-08-13T06:10:00Z,2018-08-13T06:10:00.382900Z,1534140600,413,5374.5,648871.1964358,5902697.81633651,3.6,19.32253,7.399469,-1.52296673,4.8370817153321,5,590.00638166666,56,10.6302494684855,10.6302494684855,1
648872.599557135,5902700.72986601,312,2018-08-13T06:10:00Z,2018-08-13T06:10:30.381500Z,1534140630,413,5384.5,648872.599557135,5902700.72986601,3.7,13.59068,12.039866,-0.29285423,4.72894128743144,5,590.506358333429,56,10.4130676945051,10.4130676945051,1
648869.703255475,5902705.22390658,313,2018-08-13T06:10:00Z,2018-08-13T06:11:00.380300Z,1534140660,413,5394.5,648869.703255475,5902705.22390658,3.9,14.346065,6.493031,-0.55716833,4.25583595340286,5,591.006338334084,56,9.44008569320043,9.44008569320043,1
648868.478165823,5902706.29591119,314,2018-08-13T06:10:00Z,2018-08-13T06:11:30.378700Z,1534140690,413,5404.5,648868.478165823,5902706.29591119,3.9,16.634626,19.906533,-3.6911895,5.15908203616916,5,591.506311666966,56,8.92080896695455,1.59620331923167,2
648872.120326152,5902707.30171036,315,2018-08-13T06:10:00Z,2018-08-13T06:12:00.377400Z,1534140720,413,5414.5,648872.120326152,5902707.30171036,3.7,22.202731,16.540851,-0.57693167,5.69207351353252,5,592.00628999869,56,7.23418036301931,7.23418036301931,1
648870.115214413,5902708.53839136,316,2018-08-13T06:10:00Z,2018-08-13T06:12:30.376100Z,1534140750,413,5424.5,648870.115214413,5902708.53839136,4,12.108166,13.677354,0.1609482,4.69577469916608,5,592.506268334389,56,7.15962146917979,7.15962146917979,1
648870.85932235,5902709.73726952,317,2018-08-13T06:10:00Z,2018-08-13T06:13:00.374600Z,1534140780,413,5434.5,648870.85932235,5902709.73726952,3.7,19.411671,8.214635,-4.4068744,4.19815846553976,5,593.006243332227,56,7.07171531915665,7.07171531915665,1
648869.701577844,5902714.02541329,318,2018-08-13T06:10:00Z,2018-08-13T06:13:31.206667Z,1534140810,413,5444,648869.701577844,5902714.02541329,3.44444444444444,68.8341944444445,4.26094333333333,-3.28722766666667,6.48548823848916,5,593.520111115774,56,6.58749172687531,6.58749172687531,1
648888.075217251,5902636.69792545,319,2018-08-13T06:10:00Z,2018-08-13T06:14:00.205222Z,1534140840,413,5453,648888.075217251,5902636.69792545,3.88888888888889,24.3513144444444,12.4274088888889,1.39522753333333,5.9071628504685,5,594.003420364857,56,5.90454933245977,5.51794035434723,2
648974.093182289,5902344.64519661,320,2018-08-13T06:10:00Z,2018-08-13T06:14:30.370500Z,1534140870,413,5462.5,648974.093182289,5902344.64519661,4,12.929591,4.954753,-3.996220214,2.96495654185119,5,594.506175001462,56,0.223879194259644,0.223879194259644,1
649130.272459625,5902261.55893743,321,2018-08-13T06:20:00Z,2018-08-13T06:15:00.369300Z,1534140900,413,5472.5,649130.272459625,5902261.55893743,4,14.711016,4.764899,-3.4873529,3.51208797423203,5,595.006154998144,62,11.6459810853004,11.6459810853004,1
649144.114198654,5902254.54520175,322,2018-08-13T06:20:00Z,2018-08-13T06:15:30.367800Z,1534140930,413,5482.5,649144.114198654,5902254.54520175,3.7,16.952201,8.263606,-4.899648,3.87157785270064,5,595.506129999956,62,11.370693163077,11.370693163077,1
649150.203462698,5902250.50538765,323,2018-08-13T06:20:00Z,2018-08-13T06:16:00.366500Z,1534140960,413,5492.5,649150.203462698,5902250.50538765,3.7,18.29526,50.567029,-11.881592,5.80180287426864,5,596.00610833168,62,11.1620015780131,11.1620015780131,1
649149.209274962,5902249.9718973,324,2018-08-13T06:20:00Z,2018-08-13T06:16:30.365200Z,1534140990,413,5502.5,649149.209274962,5902249.9718973,3.8,14.315799,3.614274,-2.7253134,3.50490936478125,5,596.506086667379,62,11.1764956355095,11.1764956355095,1
649146.166825537,5902239.82941505,325,2018-08-13T06:20:00Z,2018-08-13T06:17:00.363700Z,1534141020,413,5512.5,649146.166825537,5902239.82941505,3.7,19.61073,3.843448,-4.04653,3.90417043339801,5,597.006061665217,62,10.9841779589653,10.9841779589653,1
649144.116677435,5902237.26162486,326,2018-08-13T06:20:00Z,2018-08-13T06:17:30.362400Z,1534141050,413,5522.5,649144.116677435,5902237.26162486,3.5,26.27778,18.94717,-9.849887,4.75124395902606,5,597.506040000916,62,10.9396039485931,10.9396039485931,1
649138.583364563,5902235.94932284,327,2018-08-13T06:20:00Z,2018-08-13T06:18:00.361100Z,1534141080,413,5532.5,649138.583364563,5902235.94932284,3.9,25.94799,8.549285,-8.6432433,4.13005817944059,5,598.00601833264,62,11.0976240197817,11.0976240197817,1
649133.450229075,5902236.39169386,328,2018-08-13T06:20:00Z,2018-08-13T06:18:30.359600Z,1534141110,413,5542.5,649133.450229075,5902236.39169386,3.7,24.38969,6.432716,-6.715514,4.10989467057552,5,598.505993334452,62,11.1699576934179,11.1699576934179,1
649124.803655738,5902238.94344362,329,2018-08-13T06:20:00Z,2018-08-13T06:19:00.358400Z,1534141140,413,5552.5,649124.803655738,5902238.94344362,3.3,44.61241,14.92781,-20.184737,4.28164732817659,5,599.005973335107,62,11.2978473703067,11.2978473703067,1
649126.020660672,5902239.97418961,330,2018-08-13T06:20:00Z,2018-08-13T06:19:30.356900Z,1534141170,413,5562.5,649126.020660672,5902239.97418961,3.4,41.20543,13.001842,-18.137836,4.17122512653598,5,599.505948332946,62,11.3096745888392,11.3096745888392,1
649122.610512715,5902243.17884819,331,2018-08-13T06:20:00Z,2018-08-13T06:20:00.355500Z,1534141200,413,5572.5,649122.610512715,5902243.17884819,3.6,25.230301,8.025756,-9.8012992,3.66161925349315,5,600.005924999714,62,11.3968615094821,11.3968615094821,1
649114.93351997,5902246.30183309,332,2018-08-13T06:20:00Z,2018-08-13T06:20:30.521Z,1534141230,413,5582,649114.93351997,5902246.30183309,3.88888888888889,21.1041,5.45634333333333,-5.90657777777778,3.83060627542734,5,600.508683331807,62,11.4952415903409,11.4952415903409,1
649116.904557042,5902248.00757984,333,2018-08-13T06:20:00Z,2018-08-13T06:21:00.352800Z,1534141260,413,5591.5,649116.904557042,5902248.00757984,3.7,22.075412,8.458067,-7.06573,3.99391282778819,5,601.005879998207,62,11.5217226823171,11.5217226823171,1
649115.097273758,5902251.3703778,334,2018-08-13T06:20:00Z,2018-08-13T06:21:30.351500Z,1534141290,413,5601.5,649115.097273758,5902251.3703778,3.4,60.123,21.505776,-29.385371,4.66747574007505,5,601.505858333906,62,11.5947029034297,11.5947029034297,1
649111.243796059,5902255.89208718,335,2018-08-13T06:20:00Z,2018-08-13T06:22:00.350200Z,1534141320,413,5611.5,649111.243796059,5902255.89208718,3.4,23.964342,4.833664,-5.9095489,3.95085127335643,5,602.00583666563,62,11.6776931524277,11.6776931524277,1
649108.520458707,5902259.615662,336,2018-08-13T06:20:00Z,2018-08-13T06:22:30.348700Z,1534141350,413,5621.5,649108.520458707,5902259.615662,3.6,56.670636,5.777214,-6.8080685,5.44146645682709,5,602.505811667442,62,11.6998315413793,11.6998315413793,1
649111.494638914,5902262.42404089,337,2018-08-13T06:20:00Z,2018-08-13T06:23:00.347400Z,1534141380,413,5631.5,649111.494638914,5902262.42404089,3.1,20.97798,2.62329,-2.726743,4.06929943651995,5,603.005789999167,62,11.7042683005333,11.7042683005333,1
649110.982908247,5902264.15134069,338,2018-08-13T06:20:00Z,2018-08-13T06:23:30.346100Z,1534141410,413,5641.5,649110.982908247,5902264.15134069,3.8,19.977232,5.897477,-6.6400859,3.51662140167931,5,603.505768334866,62,11.7122888326645,11.7122888326645,1
649110.260302048,5902265.35563049,339,2018-08-13T06:20:00Z,2018-08-13T06:24:00.344600Z,1534141440,413,5651.5,649110.260302048,5902265.35563049,3.8,13.159091,3.667086,-3.4357144,3.12476391053288,5,604.005743332704,62,11.7187759836515,11.7187759836515,1
649110.108145106,5902264.26003161,340,2018-08-13T06:20:00Z,2018-08-13T06:24:30.343400Z,1534141470,413,5661.5,649110.108145106,5902264.26003161,3.2,16.401398,6.43613,-5.065202,3.52099602026367,5,604.505723333359,62,11.7149686137835,11.7149686137835,1
649110.394756203,5902267.50222991,341,2018-08-13T06:30:00Z,2018-08-13T06:25:00.508667Z,1534141500,413,5671,649110.394756203,5902267.50222991,3.44444444444444,18.7004666666667,6.57677666666667,-5.72824577777778,3.65523721451007,5,605.008477783203,67,11.7264060179392,11.7264060179392,1
649111.834189373,5902270.20963815,342,2018-08-13T06:30:00Z,2018-08-13T06:25:30.340700Z,1534141530,413,5680.5,649111.834189373,5902270.20963815,3.9,27.62413,9.508649,-12.543314,3.43157132456477,5,605.505678331852,67,11.7318687399228,11.7318687399228,1
649110.475784285,5902276.06326037,343,2018-08-13T06:30:00Z,2018-08-13T06:26:00.339400Z,1534141560,413,5690.5,649110.475784285,5902276.06326037,3.8,18.307155,9.680186,-7.606589,3.51345863237865,5,606.00565666755,67,10.8966996987661,2.12248851060867,2
649111.013775318,5902304.81363742,344,2018-08-13T06:30:00Z,2018-08-13T06:26:30.338Z,1534141590,413,5700.5,649111.013775318,5902304.81363742,3.7,16.335924,5.288411,-5.965279,3.0596536649507,5,606.505633334319,67,5.04174738725027,0.328567520777384,2
648955.360902236,5902513.23371237,345,2018-08-13T06:30:00Z,2018-08-13T06:27:00.170Z,1534141620,413,5710,648955.360902236,5902513.23371237,4.11111111111111,2.76962111111111,1.17573111111111,-0.110676888888889,1.87370967942995,5,607.002833334605,67,0.158494162559509,0.158494162559509,1
648590.494338667,5902701.37852678,346,2018-08-13T06:30:00Z,2018-08-13T06:27:31.168778Z,1534141650,413,5719,648590.494338667,5902701.37852678,5.55555555555556,0.981977111111111,1.16825888888889,-0.113231988888889,1.38654469050351,5,607.519479632378,67,0.119983160495758,0.119983160495758,1
648219.185612766,5902910.13227759,347,2018-08-13T06:30:00Z,2018-08-13T06:28:00.334200Z,1534141680,413,5728.5,648219.185612766,5902910.13227759,5.3,0.9348334,1.383008,-0.2902559,1.31752283367272,5,608.005569998423,67,0.11310054063797,0.11310054063797,1
647845.20150388,5903119.73213932,348,2018-08-13T06:30:00Z,2018-08-13T06:28:29.166111Z,1534141710,413,5738,647845.20150388,5903119.73213932,5.55555555555556,1.07539044444444,2.13070777777778,-0.526654222222222,1.46536811016859,5,608.486101849874,67,0.110759917894999,0.110759917894999,1
647427.618566256,5903345.38074721,349,2018-08-13T06:30:00Z,2018-08-13T06:29:00.331600Z,1534141740,413,5747.5,647427.618566256,5903345.38074721,5.5,1.673333,3.296683,-1.4323075,1.44979453545539,5,609.005526665847,67,0.109095962842306,0.109095962842306,1
647009.297874326,5903536.02563962,350,2018-08-13T06:30:00Z,2018-08-13T06:29:30.330400Z,1534141770,413,5757.5,647009.297874326,5903536.02563962,6.1,3.176683,5.346133,-3.232602,1.42709707443998,5,609.505506666501,67,0.108701002597809,0.108701002597809,1
646595.704003651,5903737.82866101,351,2018-08-13T06:30:00Z,2018-08-13T06:30:00.329Z,1534141800,413,5767.5,646595.704003651,5903737.82866101,5.8,9.395918,10.156006,-8.306008,1.69586246472751,5,610.00548333327,67,0.105754152933757,0.105754152933757,1
646123.568530539,5903916.90822598,352,2018-08-13T06:30:00Z,2018-08-13T06:30:31.494444Z,1534141830,413,5777,646123.568530539,5903916.90822598,6.22222222222222,17.2712211111111,13.0564566666667,-13.0488111111111,2.01666799074898,5,610.524907398224,67,0.108951624234517,0.108951624234517,1
645692.026243482,5904050.90898626,353,2018-08-13T06:30:00Z,2018-08-13T06:31:02.683714Z,1534141860,413,5786.28571428571,645692.026243482,5904050.90898626,8.28571428571429,1.95252357142857,1.93613285714286,-0.456975714285714,1.67989304940636,5,611.044728565216,67,0.11629497607549,0.11629497607549,1
645353.949581545,5904227.19127016,354,2018-08-13T06:30:00Z,2018-08-13T06:31:29.575500Z,1534141890,413,5795.25,645353.949581545,5904227.19127016,10.5,0.6937375,0.792482,0.325858,1.45790633144675,5,611.492925000191,67,0.114579157034556,0.114579157034556,1
644940.169320358,5904463.70177855,355,2018-08-13T06:30:00Z,2018-08-13T06:32:01.490778Z,1534141920,413,5805.88888888889,644940.169320358,5904463.70177855,10,1.09607766666667,1.280157,0.744960111111111,1.92022519201541,5,612.024846299489,67,0.119566551844279,0.119566551844279,1
644626.598358621,5904643.70779333,356,2018-08-13T06:30:00Z,2018-08-13T06:32:29.156222Z,1534141950,413,5815,644626.598358621,5904643.70779333,9.66666666666667,1.36430777777778,1.68640555555556,1.073345,2.24220573323472,5,612.485937035084,67,0.108988058567047,0.108988058567047,1
644080.87404119,5904812.37886545,357,2018-08-13T06:30:00Z,2018-08-13T06:33:00.154889Z,1534141980,413,5824.44444444445,644080.87404119,5904812.37886545,9.77777777777778,1.51094277777778,1.56705966666667,0.944928555555556,2.20058041729643,5,613.002581485113,67,0.0872994105021159,0.0872994105021159,1
643517.267816026,5904953.29839172,358,2018-08-13T06:30:00Z,2018-08-13T06:33:29.487111Z,1534142010,413,5834.22222222222,643517.267816026,5904953.29839172,9,3.43868444444444,2.934989,2.06397622222222,3.0489625125776,5,613.491451851527,67,0.0915172219276428,0.0915172219276428,1
643057.537179197,5905195.56656747,359,2018-08-13T06:30:00Z,2018-08-13T06:34:00.319100Z,1534142040,413,5844.5,643057.537179197,5905195.56656747,8.4,5.646261,3.354193,3.0884839,3.6259183247817,5,614.005318331719,67,0.10950216849645,0.10950216849645,1
642754.269043959,5905480.66157658,360,2018-08-13T06:30:00Z,2018-08-13T06:34:30.317700Z,1534142070,413,5854.5,642754.269043959,5905480.66157658,7.8,7.653453,3.547995,3.631389,4.05081863568387,5,614.505294998487,67,0.134836916128794,0.134836916128794,1
642491.346068877,5905687.1454444,361,2018-08-13T06:40:00Z,2018-08-13T06:35:00.316400Z,1534142100,413,5864.5,642491.346068877,5905687.1454444,8.5,8.568781,3.890247,4.771123,4.32573068769395,5,615.005273334185,71,0.164247838656108,0.164247838656108,1
642330.795154288,5905798.8486786,362,2018-08-13T06:40:00Z,2018-08-13T06:35:21.315500Z,1534142130,413,5871.5,642330.795154288,5905798.8486786,8.25,6.868595,2.28355,2.65433,3.77943900635472,5,615.355258333683,71,3.62063342730204,3.62063342730204,1
641855.387163562,5906832.82091971,363,2018-08-13T08:00:00Z,2018-08-13T07:55:43.597Z,1534146930,413,5874,641855.387163562,5906832.82091971,4,583.865,70.397,187.841,32.0927406121696,5,695.726616664728,108,3.73177102804184,3.73177102804184,1
641919.273624294,5906866.02729391,364,2018-08-13T08:00:00Z,2018-08-13T07:56:00.929778Z,1534146960,413,5879,641919.273624294,5906866.02729391,4.77777777777778,44.2821888888889,7.58869444444445,11.0174826666667,7.31570924468313,5,696.015496301651,108,0.282744522889455,0.282744522889455,1
642065.903640888,5906746.17201537,365,2018-08-13T08:00:00Z,2018-08-13T07:56:19.596Z,1534146990,413,5885,642065.903640888,5906746.17201537,5.66666666666667,336.96,63.6383333333333,128.455033333333,24.057375337488,5,696.326599999269,108,0.0821364323298137,0.0821364323298137,1
